vOTUs	LPd_1	LPd_2	LPd_3	LPd_4	Nd_1	Nd_2	Nd_3	Nd_4
LPd_1__1009	4526	78	18613	3892	53	3485	1	56
LPd_1__1011	602	76	886	67	2	171	197	164
LPd_1__1012	34	0	986	6	0	6	0	0
LPd_1__1017	1790	0	498	226	6	0	5	0
LPd_1__1048	950	0	3900	813	13	5	0	6
LPd_1__1052	40	1	27	4	34	110	0	0
LPd_1__1062	77038	68	199062	151702	11483	163	506	307
LPd_1__1081	1659	0	168	16	0	0	0	0
LPd_1__1091	15675	9	6894	2170	137	4	6	11
LPd_1__1104	73835	51769	29649	106761	76734	5187	18609	13576
LPd_1__1145	4870	412	1543	278	38	999	351	5225
LPd_1__1147	80	0	10	4	0	0	0	0
LPd_1__1149	176	1	352	52	59	2	0	0
LPd_1__1150	191	2	40	23	0	34	2	77
LPd_1__1151	698	68	64	54	0	534	19	58
LPd_1__1155	697	189	6165	866	150	8843	3405	121
LPd_1__1157	70	0	0	644	1	0	0	0
LPd_1__1159	189	0	100	85	11	0	0	0
LPd_1__1166	10408	9	17179	18008	54	12	0	310
LPd_1__1174	80	99	91	43	3	22	15	9
LPd_1__1179	73	0	13	0	0	0	0	0
LPd_1__118	4927	15	2881	1263	1	17	3	129
LPd_1__1186	62	17	12	23	0	24	0	72
LPd_1__1195	58	0	0	0	0	0	0	0
LPd_1__1198	2934	0	271	480	131	0	0	0
LPd_1__120	63	0	7	0	0	0	0	0
LPd_1__1208	1037	398	466	44	4	0	5	165
LPd_1__121	189	0	0	49	0	0	0	0
LPd_1__1219	33	7	518	52	2	41	0	10
LPd_1__1237	124	2	13	43	589	10	0	4643
LPd_1__1249	51	0	133	8	0	0	0	0
LPd_1__1257	157	1	14061	354	342	10	1	6
LPd_1__1263	195	62	1257	391	0	0	0	0
LPd_1__1264	24	0	22	5	0	0	0	1
LPd_1__1270	96	0	52	1	0	1	4	0
LPd_1__1285	46	0	2	0	0	63	0	0
LPd_1__1302	56	0	0	25	0	0	0	0
LPd_1__1308	310	2	47	2	0	4	10	2
LPd_1__1328	7398	662	6891	4681	3839	10620	349	2195
LPd_1__1330	195	0	0	0	0	0	0	0
LPd_1__1359	1669	25	30	1	0	98	12	0
LPd_1__137	224	65	37	2	0	0	1	43
LPd_1__1373	161	0	134	23	0	0	0	0
LPd_1__1374	119	3	24	48	4	22	0	55
LPd_1__1377	198	0	2	0	0	52	42	0
LPd_1__1398	330	60	62	19	0	0	4	0
LPd_1__1405	243	6	91	40	17	58	0	20
LPd_1__141	114	6	63	47	11	84	34	14
LPd_1__1431	91	0	12	0	0	0	0	0
LPd_1__1440	165	0	0	0	0	0	0	0
LPd_1__1450	442	297	15034	437	0	910	387	1541
LPd_1__1462	30	0	915	24	64	2	0	4
LPd_1__1466	90	47	29	13	4	55	32	100
LPd_1__1473	1761	6	28	2	0	8	2	10
LPd_1__1488	2399	7	105	0	20	33	38	136
LPd_1__1492	1050	90	134	91	4	333	12	143
LPd_1__1514	1079	1	1527	38	198	3342	18	42
LPd_1__1525	190	48	49	11	0	14	6	7
LPd_1__1540	65	0	6	0	0	0	0	0
LPd_1__1541	281	56	493	71	0	40	18	24
LPd_1__1547	126	0	0	57	0	17	0	2
LPd_1__1562	6783	1	6527	1441	292	0	0	0
LPd_1__1565	41	52	8	8	0	87	0	26
LPd_1__1567	67	8	0	0	0	0	0	23
LPd_1__1570	39944	80	158095	36921	175	1407	36	56
LPd_1__1574	93	0	0	0	0	6	12	0
LPd_1__1600	751	3	43	4	1	891	6	121
LPd_1__1601	1322	90	263	4979	3	101	2	869
LPd_1__1617	1803	139	137	130	0	351	11	263
LPd_1__1627	102	0	0	0	0	0	0	0
LPd_1__1633	296	0	26	0	2	1	1	2
LPd_1__1639	1212	86	4476	64	3	109	6	135
LPd_1__164	411	13	23	46	0	25	0	0
LPd_1__1660	53	0	20	0	2	0	0	0
LPd_1__1663	5018	13	4488	303	3	368	6	96
LPd_1__1672	2361	12	3271	1719	72	30	0	86
LPd_1__1673	3709	10	22165	5578	674	17	160	106
LPd_1__1677	56	2	35	4	0	14	0	3
LPd_1__1689	25	10	6	12	0	48	2	8
LPd_1__1693	1052	61	2106	575	25	472	82	120
LPd_1__1695	598	6	40	34	0	1	0	0
LPd_1__1697	102	0	38	56	0	0	0	0
LPd_1__1713	311	0	16	820	0	3	0	77
LPd_1__172	62	0	0	0	0	6	16	0
LPd_1__1739	72	0	66	4	8	0	10	6
LPd_1__1751	28	0	1098	36	0	2	0	0
LPd_1__1752	686	158	28	0	0	15	1	258
LPd_1__1757	1709	0	3107	201	3	0	0	0
LPd_1__1763	156	2	7	2	8	0	0	2
LPd_1__1766	78	0	9	0	0	0	0	1
LPd_1__1788	265	35	64	114	1	49	7	33
LPd_1__1794	33	6	452	20	42	2	0	0
LPd_1__1797	162	0	0	0	0	0	0	0
LPd_1__1804	54	4	41	35	34	75	130	2
LPd_1__1824	1089	139	568	727	7	58	1	29
LPd_1__1829	81	22	0	0	2	6	0	2
LPd_1__1831	218	3	12	13	0	1	0	11
LPd_1__1841	94	3	81	58	0	73	0	79
LPd_1__1842	22706	30	62996	7228	2807	7	13	20
LPd_1__1854	897	68	728	511	17	140	0	2
LPd_1__1857	123	2	15	6	0	0	0	2
LPd_1__1858	88	10	46	6	1	14	14	13
LPd_1__1860	1725	0	1175	165	1	253	2	3
LPd_1__1865	40562	252	996	172	25	1261	183	2054
LPd_1__1866	130	6	45	189	6	156	0	1
LPd_1__1875	39	0	93	48	2	0	0	0
LPd_1__1879	33	17	12	2	7	2	0	2
LPd_1__1888	73	59	117	43	7	425	4	46
LPd_1__1906	102	0	24	4	0	0	0	0
LPd_1__1913	287	37	70	11	0	99	2	51
LPd_1__1915	801	0	9613	225	6	0	0	0
LPd_1__192	929	94	131	30	5	101	6	35
LPd_1__1920	136	0	0	0	0	78	2	0
LPd_1__1929	195	730	987	8009	0	1011	883	392
LPd_1__1943	276	0	0	2	0	0	0	0
LPd_1__1947	30587	63	548	14	0	95	0	16
LPd_1__1950	4365	8	9844	284	2	0	12	0
LPd_1__1954	218	0	399	0	0	0	0	0
LPd_1__1957	810	17	118	20	0	389	36	102
LPd_1__1959	2439	12	81	6	12	57	2431	93
LPd_1__1961	131	0	10	0	0	0	0	0
LPd_1__1963	1538	7	2170	3026	7	0	0	0
LPd_1__1965	163	0	0	0	0	0	0	0
LPd_1__1974	13176	34265	1273162	40180	1283	7106	42750	340379
LPd_1__1980	7829	0	1327	1	4	16	0	47
LPd_1__2016	102	7	32	4	0	17	3	0
LPd_1__2019	184	3	23	0	0	5	0	6
LPd_1__2021	230	24	65	0	0	0	56	831
LPd_1__2024	181	11	53	96	0	24	6	64
LPd_1__2032	20540	23	34895	32263	340	52	0	135
LPd_1__2042	338	0	27	5	0	53	0	0
LPd_1__2056	73	0	497	9	0	0	0	0
LPd_1__2063	604	0	317	329	1	0	0	5
LPd_1__2065	5891	44	250	61	0	107	118	151
LPd_1__2067	214046	9408	133051	108108	33675	58055	12616	31847
LPd_1__2068	121	80	0	58	0	24	215	3
LPd_1__2083	86	7	10	10	0	20	0	0
LPd_1__2089	10161	2	16566	33182	424	2	1	24
LPd_1__2091	281	24	459	86	35	182	2	814
LPd_1__2093	74	9	16	21	0	0	0	12
LPd_1__2101	130	0	0	0	0	0	0	0
LPd_1__2102	1119	38	512	386	85	190	47	147
LPd_1__211	35	32	32	93	0	40	3	0
LPd_1__212	1462	71	415	76	62	213	30	361
LPd_1__2128	431	3	103	2	0	0	0	0
LPd_1__2149	141	2	10	0	0	0	0	0
LPd_1__215	908	47	123	6	5	50	7	41
LPd_1__2158	5292	1	7799	941	76	0	0	0
LPd_1__2178	276	0	632	27	17	0	0	0
LPd_1__2199	53	0	115	42	0	0	0	12
LPd_1__2205	71	0	4	0	0	0	0	0
LPd_1__2212	1255	101	13	0	2	47	37	16
LPd_1__2227	159	0	75	6	0	2	0	0
LPd_1__2243	1463	2	45	0	0	109	202	0
LPd_1__2246	135	32	69	67	2	91	9	70
LPd_1__2253	363	2	6	4	0	0	7	6
LPd_1__2256	79	0	66	23	0	0	0	0
LPd_1__226	97	0	66	225	7	0	0	0
LPd_1__2268	25	6	19	33	4	443	22	14
LPd_1__228	148	0	49	2	0	1	0	0
LPd_1__2280	141	0	11	0	0	0	0	0
LPd_1__2285	557	0	23	0	0	0	0	0
LPd_1__2292	75	157	46	15	0	441	49	402
LPd_1__2301	67	0	28	0	0	0	0	2
LPd_1__2302	851	9	873	249	59	361	97	19
LPd_1__2318	81	0	8	20	0	4	0	2
LPd_1__232	1626	9	68	72	5	14	27	31
LPd_1__2354	82	15	223	61	11	35	22	31
LPd_1__2355	286	0	77	5	4	0	0	0
LPd_1__2356	200	20	0	2	0	10	0	16
LPd_1__236	61	5	21	16	3	10	2	9
LPd_1__2378	135	0	0	60	0	11	0	3
LPd_1__2399	65	855	57	4	0	1110	46	591
LPd_1__2411	84	0	0	0	0	36	15	0
LPd_1__2413	367	38	65	24	0	465	11	65
LPd_1__2418	382	2	101	12	0	0	0	2
LPd_1__2431	176	8	14	62	0	55	4	15
LPd_1__2432	12825	666	10067	5422	636	4269	1830	2523
LPd_1__2437	70	9	27	0	0	1	0	3
LPd_1__2438	130	0	0	0	37	0	0	0
LPd_1__2439	4866	67	2018	5578	308	575	208	36
LPd_1__2444	46074	727	410	374	0	54	1	18
LPd_1__245	155	0	12	0	110	0	0	6
LPd_1__2453	890	123	447	44	0	268	82	577
LPd_1__2458	494	29	176	85	19	645	0	97
LPd_1__247	1923	0	3663	2145	33	4	0	55
LPd_1__2473	73	0	38	2	6	61	0	11
LPd_1__2479	80	1	360	167	0	2	0	0
LPd_1__2509	259	0	156	0	0	0	0	10
LPd_1__2511	448	216	4	63	0	119	6	9
LPd_1__2518	72	0	0	0	0	0	0	0
LPd_1__2527	2023	25	71	0	6	26	42	15
LPd_1__2528	51	0	79	0	0	2	0	12
LPd_1__2540	52	1	4	0	0	0	0	0
LPd_1__2544	25	0	59	7	3	0	0	0
LPd_1__2546	19088	15	842	168	0	60	0	7
LPd_1__2575	60	0	56	5	0	0	0	0
LPd_1__2581	315	1	13	0	0	3	2	2
LPd_1__2586	112	0	22	62	0	0	0	0
LPd_1__2587	422	0	1383	41	5	0	0	0
LPd_1__2588	2135	0	58	74	0	0	0	7
LPd_1__2594	514	93	91	48	0	161	230	45
LPd_1__2601	342	107	181	4	4	0	4	51
LPd_1__2611	576	1808	87	296	2	17065	10	474
LPd_1__2617	196	3	7	50	0	9	5	57
LPd_1__2619	58	0	0	0	0	8	1	0
LPd_1__2626	211	5	1030	19	0	74	13	10
LPd_1__2629	53	0	0	5	0	0	0	0
LPd_1__263	3015	281	425	1862	0	1900	320	140
LPd_1__2640	851	0	2807	2874	116	12	0	2
LPd_1__2645	109	0	167	28	0	0	0	20
LPd_1__2656	138	1	411	55	0	14	0	0
LPd_1__2659	423	2	3139	755	35	2	0	6
LPd_1__2663	653	2	32	0	0	1616	0	2
LPd_1__2669	30	10	202	8	0	303	2	199
LPd_1__2727	93	0	75	237	0	0	0	0
LPd_1__2737	113	0	153	1	0	0	0	0
LPd_1__2742	158	1	0	0	0	2	0	1
LPd_1__2748	103	5	10	33	16	40	8	28
LPd_1__2749	66	134	18	11	2	3498	5	21
LPd_1__2756	744	0	747	9	0	0	0	0
LPd_1__2758	95	32	72	8	0	30	49	56
LPd_1__2763	49	0	142	81	2	0	0	13
LPd_1__2790	99	51	1	5	0	32	0	4
LPd_1__2795	61	0	0	0	0	7	0	0
LPd_1__2813	111	0	12	16	0	0	0	2
LPd_1__2824	68	0	41	68	0	2	0	13
LPd_1__2833	318	9	31	21	3	12	0	127
LPd_1__2835	184	24	0	2	0	6	0	1
LPd_1__2841	444	0	125	0	0	0	0	0
LPd_1__2847	36983	1855	32213	16498	2410	10430	634	6900
LPd_1__2855	182	36	569	57	20	94	4	64
LPd_1__2860	355	67	159	238	17	146	0	67
LPd_1__2866	1811	79	68	985	0	61	1143	28
LPd_1__2870	432	85	1182	462	2	264	0	57
LPd_1__2875	9446	7774	6318	10044	5334	6080	11549	10870
LPd_1__2877	41	0	86	6	0	0	0	0
LPd_1__2882	827	0	103	50	6	0	0	0
LPd_1__2889	229	70	10	44	1	2797	2243	6638
LPd_1__289	859	0	40	3137	0	0	0	5
LPd_1__2890	688	241	446	271	27	4574	80	44
LPd_1__2904	166	0	0	0	0	0	0	0
LPd_1__2907	425	0	8	0	1	4	0	3
LPd_1__2915	535	37	1053	213	9	245	45	125
LPd_1__2928	43	5	181	751	0	68	2	23
LPd_1__2950	91	2	0	0	0	15	4	0
LPd_1__296	80	3	755	3	0	0	0	0
LPd_1__2965	146	36	53	4	5	16	14	56
LPd_1__2966	208	0	2	0	0	0	2	2
LPd_1__2983	520	0	222	102	0	0	0	12
LPd_1__2996	468	0	0	0	0	2	0	1
LPd_1__3012	219	19	2	0	0	0	0	10
LPd_1__3021	2603	258	5854	176	4	286	2	335
LPd_1__3026	730	4	672	126	43	75	0	57
LPd_1__3031	103	8	273	85	3	45	6	27
LPd_1__3033	66	0	239	65	3	0	0	0
LPd_1__3048	45	28	105	21	0	40	4	9
LPd_1__3053	49	16	51	24	3	0	54	38
LPd_1__3066	170	0	0	0	0	0	0	0
LPd_1__3067	401	0	2	117	0	0	0	0
LPd_1__307	5375	1	6124	8107	528	2	22	62
LPd_1__3070	19350	76	249	54	0	294	5	193
LPd_1__3080	1071	1	5363	62	0	0	0	0
LPd_1__3082	37	0	0	0	0	0	0	0
LPd_1__3106	77	0	43	0	1	0	0	0
LPd_1__3115	110	1	22	0	0	177	0	3
LPd_1__3131	203	0	117	68	49	7	0	0
LPd_1__3137	131	3	54	6	0	35	0	10
LPd_1__3153	159	0	14	0	0	4	0	0
LPd_1__316	26	96	15	33	0	368	2	8
LPd_1__3160	106	0	19	21	24	24	0	11
LPd_1__3179	178	0	4	0	1	4	12	0
LPd_1__3181	13767	704	7290	5857	1668	3199	490	1985
LPd_1__3199	2355	324	549	40	0	10381	1989	24150
LPd_1__3200	338	57	23	30	0	2668	63	10035
LPd_1__3206	46	35	154	56	15	51	64	171
LPd_1__3208	139	43	45	2	0	0	37	854
LPd_1__3213	9810	187	224	21	516	15	3	223
LPd_1__3215	1596	0	0	23	13	1	0	0
LPd_1__3225	163	2	26	18	0	17	2	41
LPd_1__3228	103	0	0	0	0	0	0	0
LPd_1__3232	71	0	15	235	0	4	0	0
LPd_1__3234	105	0	144	20	17	7	0	5
LPd_1__3245	411	0	187	13	2	0	0	0
LPd_1__3251	195	0	130	67	0	4	7	4
LPd_1__3255	345	0	656	44	1	0	0	4
LPd_1__3260	559	0	610	126	0	0	0	1
LPd_1__3264	132	34	0	0	0	0	0	13
LPd_1__3270	57	0	50	31	0	0	0	0
LPd_1__3278	102	14	102	1	3	77	5	33
LPd_1__3279	494	92	222	105	0	101	1	73
LPd_1__3285	2708	308	183	2	8	0	0	60
LPd_1__3286	154	42	9	4	0	2	0	2
LPd_1__329	156	34	23	74	2	76	8	11
LPd_1__3305	116	0	23	0	0	0	0	0
LPd_1__3312	394	8	597	239	4	43	31	70
LPd_1__3314	123	0	3	152	0	0	0	0
LPd_1__3328	368	4	321	1460	17	23	3	0
LPd_1__3329	212	0	0	0	0	138	0	0
LPd_1__3345	30	6	76	17	5	14	14	2
LPd_1__3347	57	7	9	0	0	121	0	95
LPd_1__336	171	16	236	82	7	34	41	133
LPd_1__3363	5504	0	2169	1657	24	1	0	1
LPd_1__3364	207	3	3	64	1	1	0	0
LPd_1__3372	47	0	8	0	4	0	0	0
LPd_1__3392	31	0	48	58	11	0	0	0
LPd_1__3394	110	6	4	2	0	4	0	0
LPd_1__3411	487	70	19	94	0	4	0	144
LPd_1__3414	132	1	31	24	0	89	0	12
LPd_1__3416	98	8	19	33	7	47	27	13
LPd_1__3419	226	0	82	96	112	258	7	0
LPd_1__342	473	0	144	49	24	0	0	0
LPd_1__3425	555	0	84	198	16	913	0	0
LPd_1__3426	387	3	22	11	45	15	0	14
LPd_1__3434	339	89	1778	502	2	0	0	0
LPd_1__3446	89	304	57	52	0	1140	919	703
LPd_1__3451	189	0	173	14	10	8	5	8
LPd_1__3452	229	13	20	121	13	90	0	14
LPd_1__3460	29	3	2	7	0	151	0	0
LPd_1__348	181	0	22	1	0	52	0	2
LPd_1__3494	118	0	0	0	0	0	0	0
LPd_1__3504	3136	0	728	63	1	0	0	0
LPd_1__3508	5703	157	371	31	265	221	0	161
LPd_1__351	879	2	38	6	6	26	55	24
LPd_1__3511	44	7	17	0	0	20	2	54
LPd_1__3512	249	0	226	128	1	0	0	0
LPd_1__3520	565	7	9	0	0	30	171	8
LPd_1__3529	811	18	10	130	28	911	2	50
LPd_1__3546	710	0	6	3	0	65	156	0
LPd_1__3548	2898	5	108	690	0	113	0	159
LPd_1__355	351	5	3	2	0	7	3	65
LPd_1__3560	4307	381	366	2	0	576	6222	152
LPd_1__3566	43	0	45	6	0	0	1	1
LPd_1__3574	5983	143	7	6	3	143	296	64
LPd_1__3582	40	2	421	26	30	0	0	0
LPd_1__3589	3682	8	3047	6056	68	1	0	0
LPd_1__3594	3725	67	2318	3326	3796	2160	1	89
LPd_1__360	293	89	144	10	0	53	0	117
LPd_1__3600	80	5	15	12	0	6	0	33
LPd_1__3612	2563	9	338	70	0	1554	0	3
LPd_1__362	90	9	10	24	5	4	0	0
LPd_1__3628	380	8	284	391	176	206	0	17
LPd_1__3644	96	2	0	0	0	0	0	4
LPd_1__3652	60	18	10	0	0	0	0	3
LPd_1__3668	350	0	1102	8	11	33	0	33
LPd_1__3670	323	0	1475	58	2	0	0	0
LPd_1__3679	172	0	11	0	0	0	0	24
LPd_1__3683	4227	0	730	177	29	0	0	8
LPd_1__3701	262	1	497	454	1	8	25	35
LPd_1__3703	102	22	116	96	0	31	9	104
LPd_1__3704	65	4	9	0	0	184	0	53
LPd_1__3716	449	59	37	561	6	310	2	46
LPd_1__3718	25718	16058	8099	12630	18	18256	496	6199
LPd_1__3726	1251	15	918	876	1	314	4	15
LPd_1__374	411	63	578	161	3	6000	270	8518
LPd_1__3751	163	2	595	25	0	137	9	15
LPd_1__3765	182	0	0	1	0	0	0	0
LPd_1__3767	180	0	153	91	0	7	0	9
LPd_1__3769	204	7	339	168	18	22	53	27
LPd_1__3776	504	14	114	5	0	16	0	0
LPd_1__3778	1319	7	36	0	1015	7	0	16
LPd_1__378	627	2452	189	119	3	148	41	886
LPd_1__3783	166	0	0	0	0	0	0	0
LPd_1__3792	1105	2	1214	889	56	4	0	36
LPd_1__3801	598	1	202	2	7	8	0	69
LPd_1__3811	94	48	71	14	0	54	34	25
LPd_1__3819	40	0	144	0	0	0	0	2
LPd_1__3822	53	0	0	0	2	0	0	0
LPd_1__3829	1287	9	193	724	25	23	6	8
LPd_1__3849	57	0	487	84	3	0	0	0
LPd_1__3850	228	2	439	32	0	0	0	0
LPd_1__3856	578	26	227	2	0	200	0	38
LPd_1__3863	246	39	63	29	0	0	4	0
LPd_1__3868	125	0	452	18	0	0	0	0
LPd_1__3872	325	95	83	4	1	0	0	56
LPd_1__3875	90	0	0	0	0	0	0	0
LPd_1__3881	1146	1	2908	2979	14	0	0	48
LPd_1__389	54	0	0	0	0	0	0	0
LPd_1__3905	46	1	0	0	0	0	0	0
LPd_1__3908	77	0	48	26	0	0	0	0
LPd_1__3922	93	9	15	13	0	2	0	2
LPd_1__3943	149	0	151	1	0	0	0	0
LPd_1__3944	71	18	155	25	3	340	0	215
LPd_1__3945	73	6	91	18	25	317	0	0
LPd_1__3949	106	12	375	16	9	127	3	46
LPd_1__3967	245	32	46	222	6	215	1	41
LPd_1__3992	190	0	0	0	0	33	20	0
LPd_1__3994	45	1	2	0	0	6	14	0
LPd_1__3999	112	0	4	0	6	16	0	0
LPd_1__4034	132820	77	255228	155089	5907	129	21	307
LPd_1__4037	11245	343	178	281	512	53	3	902
LPd_1__404	229	1	448	43	0	3	0	34
LPd_1__4044	66	13	0	0	0	0	0	8
LPd_1__4050	526	0	50	0	2	0	36	14
LPd_1__4051	845	35	8	47	0	5	0	0
LPd_1__4085	2690	15	81	125	0	17	0	4
LPd_1__4093	633	126	526	50	5	184	111	413
LPd_1__4101	52	2	0	0	0	0	0	6
LPd_1__4103	11	0	19	0	0	25	10	12
LPd_1__4112	1157	2391	129	6389	0	68016	113	4689
LPd_1__4130	1349	9	43	7	387	37	7	20
LPd_1__4132	21742	58	586	88	3	830	77	1109
LPd_1__4138	70	13	384	21	0	54	17	23
LPd_1__4139	226	0	0	0	0	0	0	0
LPd_1__4153	2701	0	96	32	40	31	321	15
LPd_1__4158	153	0	20	0	6	3	0	2
LPd_1__4163	68	0	4	0	0	0	0	0
LPd_1__4165	244	13	435	49	0	86	2	23
LPd_1__4167	625	70	11	0	0	0	0	0
LPd_1__4176	80	2	40	17	0	241	1	48
LPd_1__4184	3711	4	4763	3925	30	0	1	126
LPd_1__4185	678	2	3736	247	158	20	0	1292
LPd_1__419	221	0	1	0	0	38	0	0
LPd_1__4199	86	11	419	36	11	473	5	3
LPd_1__4241	48	3	15	15	0	29	3	3
LPd_1__4259	325	2	9	0	0	86	179	0
LPd_1__426	2014	2	561	296	2	0	0	0
LPd_1__4281	112	22	0	0	0	0	28	1
LPd_1__4282	466	47	10	0	0	0	0	0
LPd_1__4283	40	0	116	4	1	176	0	2
LPd_1__4286	36	9	94	46	0	0	0	1
LPd_1__4315	228	0	1144	10	261	0	0	2
LPd_1__4318	105	9	28	9	2	16	0	2
LPd_1__4324	1108	13	7	0	152	0	11	49
LPd_1__4332	234	15	32	50	0	120	0	64
LPd_1__4342	263	2	0	0	0	0	0	0
LPd_1__4343	257	0	39	42	0	0	0	0
LPd_1__4360	480	2	0	0	0	207	0	0
LPd_1__4374	466	0	97	106	0	0	0	0
LPd_1__4386	815	26	49	40	1	46	0	3
LPd_1__441	247	0	2	0	0	0	0	0
LPd_1__4416	4675	0	366	0	0	7	0	0
LPd_1__4423	198	0	347	30	316	0	0	0
LPd_1__4437	51	0	89	0	0	0	0	0
LPd_1__4438	774	1	2	12	2	67	2	0
LPd_1__4449	69	0	0	0	0	2	0	1
LPd_1__445	259	13	197	13	0	5	2	5
LPd_1__4450	92	15	15	8	0	4	0	34
LPd_1__4473	65	0	0	0	0	0	0	0
LPd_1__448	6459	3	18	1	0	28	16	5
LPd_1__4487	181	0	40	1	0	9	0	0
LPd_1__4497	166	21	95	46	31	25	11	11
LPd_1__4504	120	3	96	35	0	4	10	7
LPd_1__4508	519	0	7843	188	0	100	0	0
LPd_1__4509	40935	1988	29207	20138	2415	11653	832	6395
LPd_1__4515	18065	919	11508	8863	1163	4375	809	2736
LPd_1__4525	1090	27	591	426	0	256	23	222
LPd_1__4534	135	0	4	0	0	0	0	0
LPd_1__454	1097	2	274	190	11	11	0	38
LPd_1__4555	256	0	14	0	0	0	0	0
LPd_1__4569	4135	33	121	23	0	78	1	48
LPd_1__4582	790	0	70	10	2	0	0	1
LPd_1__4591	46	38	40	16	2	8	1	2
LPd_1__4594	104	124	27	0	0	5616	1	18
LPd_1__461	68	0	0	10	0	8	0	0
LPd_1__4615	7594	17	13258	6294	12	49	28	2
LPd_1__4619	500	80	378	89	20	1996	57	6886
LPd_1__4624	19	0	85	16	15	18	0	0
LPd_1__4634	60	10	34	0	0	21	5	61
LPd_1__4640	384	3	6	0	0	11	0	3
LPd_1__4641	76	25	259	10	0	50	2	43
LPd_1__4655	1463	668593	38910	12621	0	252166	43065	937332
LPd_1__4664	2656	198	71	26	0	13741	988	17441
LPd_1__4675	98	11	3	0	1	48	0	4
LPd_1__468	640	17	262	21	2	720	9	1307
LPd_1__4680	212	0	0	0	0	14	5	0
LPd_1__469	1361	9474	1543	521	3	5078	2451	5089085
LPd_1__4695	74	0	0	2	0	0	0	0
LPd_1__470	43	25	91	26	0	89	10	158
LPd_1__4708	119	6	154	21	0	2	0	0
LPd_1__4709	1106	180	258	73	2	150	6	127
LPd_1__471	77	25	550	28	1	3905	29	602
LPd_1__4725	146	0	2	0	0	57	18	0
LPd_1__473	28980	11	14487	70883	2047	0	0	138
LPd_1__4730	170	31	16	30	0	37	0	35
LPd_1__4733	192	1	24	0	0	8	0	1
LPd_1__4753	21	16	207	72	0	0	0	0
LPd_1__4756	569	0	2	4	0	4	0	2
LPd_1__477	60	3	0	0	0	6	2	25
LPd_1__4781	718	3	13	1	0	4	21	41
LPd_1__4785	1889	132	687	104	0	176	33	71
LPd_1__479	1966	6	1149	1197	160	14	0	10
LPd_1__4791	96	61	71	0	1	47	2	97
LPd_1__4794	389	0	0	0	0	0	0	0
LPd_1__4796	633	15	64	94	4	24	101	26
LPd_1__4799	2515	0	41	55	0	36	0	1
LPd_1__4800	75	0	0	0	0	0	0	0
LPd_1__481	57	65	699	159	2	3420	30	2390
LPd_1__4827	13398	147	7	1	0	246	2	98
LPd_1__4838	96	0	0	0	0	6	0	0
LPd_1__484	289	12	18	225	0	95	75	14
LPd_1__4858	243	14	605	56	2	6	0	4
LPd_1__4860	24	13	74	0	0	13	9	10
LPd_1__4871	66	2	41	59	0	93	2	25
LPd_1__4891	440	94	204	187	0	169	12	92
LPd_1__4900	41	0	124	4	1	2	3	0
LPd_1__4906	101	0	73	0	0	0	0	0
LPd_1__4907	280	0	0	0	0	0	0	0
LPd_1__4922	108	58	79	2	0	209	4	357
LPd_1__4942	65	0	0	0	1	2	4	0
LPd_1__4944	62	3	35	47	43	59	0	0
LPd_1__4968	261	20	445	60	0	418	0	56
LPd_1__4978	94	0	10	0	0	0	0	0
LPd_1__4986	116	53	33	27	0	102	0	12
LPd_1__5002	54	0	66	16	0	15	0	0
LPd_1__5006	57	0	85	8	0	112	9	29
LPd_1__5023	158	9	0	0	0	0	0	6
LPd_1__5028	1085	0	96	20	0	0	0	0
LPd_1__5033	457	0	278	34	6	0	0	0
LPd_1__5039	239	6	10	2	0	0	0	0
LPd_1__5041	80	0	1	0	0	0	0	0
LPd_1__5043	10379	222	73	0	0	143	5	1
LPd_1__505	1734	0	814	663	25	7	0	12
LPd_1__5050	190	16	5198	879	322	3	781	44
LPd_1__5051	58	2	53	0	1	27	0	7
LPd_1__5088	204	0	0	10	0	16	0	0
LPd_1__5092	172	1	928	35	57	23	0	346
LPd_1__5096	270	378	11933	226	2	1929	125	2167
LPd_1__5104	122	0	8	5	0	10	1	54
LPd_1__5112	31064	6	72046	124	1	0	0	0
LPd_1__512	2693	0	1647	3324	1	0	0	11
LPd_1__5122	328	120	0	3	0	82	28	87
LPd_1__5138	1811	72	167	1101	1	549	1083	81
LPd_1__5140	214	0	0	1	0	18	0	0
LPd_1__5142	242	66	3278	90	6	56	76	743
LPd_1__5144	3862	159	43	0	0	49	20	4
LPd_1__5145	83	3	0	1	2	4	0	0
LPd_1__5147	116	0	36	53	0	0	0	2
LPd_1__5151	119	6	2213	46	15	251	0	0
LPd_1__516	1240	400	703	49	7	0	1	149
LPd_1__5191	53	2	0	0	0	0	0	6
LPd_1__5192	3919	0	12146	747	41	0	0	2
LPd_1__5205	1330	255	185	2088	73	803	6	90
LPd_1__5211	95	22	2	3	0	4	0	4
LPd_1__5214	39	17	412	86	0	0	0	0
LPd_1__5218	127	20	10	23	0	53	2	4
LPd_1__5220	258	0	0	0	0	25	6	0
LPd_1__5235	335	58	156	32	5	2599	13	3257
LPd_1__5238	20	0	73	27	3	0	0	5
LPd_1__5249	9964	2	2081	542	592	8	0	6
LPd_1__525	148	0	23984	402	518	14	11	5
LPd_1__5257	298	9	54	128	0	11	0	13
LPd_1__5259	30	1	378	686	6	0	0	1
LPd_1__5267	265	9	93	22	1	146	14	37
LPd_1__527	30	0	48	2	0	0	0	14
LPd_1__5278	365	0	4	0	0	0	70	10
LPd_1__5285	49	4	26	3	0	83	0	58
LPd_1__5286	28129	15328	29479	3657	0	810	641	1564
LPd_1__5293	157	31	0	22	0	3	0	2
LPd_1__5317	11	6	367	3	2	8	21	23
LPd_1__5340	71	0	0	0	0	0	2	18
LPd_1__5344	359	83	2572	417	138	2205	48	64
LPd_1__5357	379	98	0	2	0	2	0	1
LPd_1__5363	9749	913	1301	58	0	29	14	2669
LPd_1__537	41387	1397	19483	14380	5627	8957	2587	4967
LPd_1__5379	3619	2	646	83	59	0	0	1
LPd_1__5413	509	0	149	111	12	0	0	0
LPd_1__5418	915	0	0	0	0	0	0	0
LPd_1__5425	139	29	67	30	2	21	0	108
LPd_1__5432	107	0	35	43	0	2	0	0
LPd_1__5434	108	6	400	243	5	143	7	171
LPd_1__5446	220	4	44	65	10	107	0	26
LPd_1__5482	990	3	451	130	17	146	0	24
LPd_1__5483	107	27	0	0	0	0	0	2
LPd_1__5511	1714	1	9067	672	21	0	0	2
LPd_1__5520	173	0	6	45	0	0	0	0
LPd_1__5526	216	0	18	12	0	2	0	0
LPd_1__5530	48	4	59	30	2	10	2	14
LPd_1__5531	521	1	739	96	1	0	0	0
LPd_1__5539	596	1	16	69	10	20	0	2
LPd_1__5542	90	0	270	9	2	0	0	0
LPd_1__5551	302	102	94	33	0	0	0	2
LPd_1__5563	604	0	166	0	0	2	4	66
LPd_1__5572	1200	77	266	3354	0	44	0	9
LPd_1__5585	701	0	1369	329	11	0	2	28
LPd_1__5595	102	0	8	685	2	4	0	89
LPd_1__5596	804	0	252	90	39	0	0	0
LPd_1__5618	240	0	14	2	0	0	0	0
LPd_1__563	258	146	222	6	0	0	0	101
LPd_1__5636	1838	39	537	8949	0	47	0	797
LPd_1__5638	304	4	327	89	8	7	3	35
LPd_1__5642	62	0	87	133	0	0	0	5
LPd_1__5647	612	24	2004	1201	24	1024	6	30
LPd_1__5664	140	1	4	20	4	55	0	0
LPd_1__5668	38	97	36	3	0	90	22	586
LPd_1__5671	471	0	4	0	839	0	0	0
LPd_1__5693	436	6	232	130	0	86	0	9
LPd_1__5701	1658	58	1780	47	1	751	53	217
LPd_1__5707	6805	51	173	1650	6	114	0	39
LPd_1__5708	64	9	19	6	0	0	8	14
LPd_1__5712	1332	0	736	80	22	0	3	2
LPd_1__5715	352	20	635	77	0	311	65	215
LPd_1__5724	150	44	29	2	0	66	0	9
LPd_1__573	2477	0	7847	4063	77	38	2	11
LPd_1__5734	66	0	0	0	0	0	0	4
LPd_1__5738	112	0	1	0	0	0	3	15
LPd_1__5750	111	26	242	43	0	262	0	57
LPd_1__5760	170	16	5	26	0	109	1	279
LPd_1__5764	468	2	2	0	0	91	10	0
LPd_1__5765	11842	650	5154	254	5	0	6	2
LPd_1__5766	448	1543	102	2181	0	39378	246	2212
LPd_1__577	60	0	0	0	0	4	1	0
LPd_1__578	260	1092	106	1733	0	23668	348	1845
LPd_1__5786	5148	255	9450	208	15	282	27	441
LPd_1__5805	51	20	37	0	3	23	2	7
LPd_1__5807	48	0	0	22	0	3	0	0
LPd_1__5829	110	22	41	0	0	27	0	30
LPd_1__5834	38	3	64	53	4	0	0	3
LPd_1__5843	121	32	43	14	0	53	0	0
LPd_1__5847	2869	8	191	114	0	9	5	26
LPd_1__5855	643	3	53	0	0	1	85	4
LPd_1__5879	738	9	1433	848	127	263	0	64
LPd_1__5925	76	4	237	16	0	8	17	89
LPd_1__593	67	1	12	7	0	35	0	14
LPd_1__5935	62	27	26	16	0	28	0	32
LPd_1__5971	38	0	89	4	0	0	0	0
LPd_1__5986	693	0	93	0	0	0	2	0
LPd_1__5996	27	54	730	0	0	88	0	517
LPd_1__6000	2622	33	97	108	27	111	37	92
LPd_1__6001	50	0	46	20	0	0	0	0
LPd_1__6003	252	7	16	22	5	0	0	13
LPd_1__6011	296	4	74	2	38	6	0	0
LPd_1__6027	678	0	56	27	0	10	0	0
LPd_1__6034	73	8	89	53	3	59	0	44
LPd_1__6046	89	10	15	0	2	6	5	4
LPd_1__6053	410	12	57	14	0	199	0	31
LPd_1__6057	412	0	66	17	0	5	6	0
LPd_1__606	3359	0	342	80	57	0	0	0
LPd_1__609	12070	464	2694	607	0	15592	354	9044
LPd_1__6090	152	0	72	26	0	1	1	0
LPd_1__6093	504	18	0	80	8	295	1182	8
LPd_1__6096	101	9	18	0	0	0	0	0
LPd_1__6100	41	23	646	110	13	655	12	9
LPd_1__6106	561	0	1197	138	14	0	0	2
LPd_1__6111	42	0	55	14	11	45	0	0
LPd_1__615	305	17	230	101	14	402	4	88
LPd_1__6150	211	0	1	0	0	3	0	0
LPd_1__6156	61	0	0	2	0	9	0	0
LPd_1__6176	249	3	204	558	1	51	0	15
LPd_1__6187	100	1	0	0	0	4	0	0
LPd_1__6193	1228	6	75	19	5	18	12	7
LPd_1__6202	86	64	108	2	1	0	0	41
LPd_1__6203	35072	2778	26098	16737	4351	13389	8633	7267
LPd_1__6207	443	0	65	25	0	20	0	2
LPd_1__621	901	0	15	1914	0	0	0	0
LPd_1__6226	404	0	39	2	2	6	1205	8
LPd_1__6239	1542	0	965	666	12	2	0	3
LPd_1__6241	113	3	243	60	5	28	0	8
LPd_1__6248	78	5	54	51	0	13	0	4
LPd_1__6250	129	8	24	4	0	43	2	3
LPd_1__6258	78	56	11	0	0	3059	0	2
LPd_1__6261	1580	41	46	2	39	56	0	236
LPd_1__6278	64	4	3787	67	195	9	0	3
LPd_1__6279	58378	2393	34069	23485	10525	13515	2532	7653
LPd_1__628	307	54	263	27	2	84	24	223
LPd_1__6288	82	0	0	0	0	0	0	0
LPd_1__6290	2446	11	1146	2	0	0	0	0
LPd_1__6291	460	96499	10349	28783	3	224401	29035	604208
LPd_1__6293	319	4	20	2	7	3	0	19
LPd_1__6305	163	0	0	2	0	0	0	0
LPd_1__6328	389	0	0	0	0	0	0	0
LPd_1__6335	75	14	0	10	0	7	0	22
LPd_1__6348	2988	0	125	589	1	0	0	0
LPd_1__6353	52	0	196	0	0	0	0	0
LPd_1__6376	3963	12925	392165	15181	406	2541	11430	133480
LPd_1__6387	94	0	40	7	0	1	0	4
LPd_1__6402	99	0	0	0	0	0	0	0
LPd_1__6409	189	11	84	33	0	261	0	49
LPd_1__641	3680	7	3230	4258	122	2	0	5
LPd_1__6411	145	0	80	9	0	0	2	9
LPd_1__6424	1380	1	2	6	0	29	1	3
LPd_1__6435	114	9	56	32	0	13	83	11
LPd_1__6441	239	0	3	1345	0	0	10	510
LPd_1__6448	98	12	0	0	0	1	0	19
LPd_1__6458	9362	18	0	4	0	4	0	3
LPd_1__6465	1323	0	0	121	73	0	0	2
LPd_1__6466	1436	161	494	5133	3	136	1	430
LPd_1__6473	812	399	4	9	0	0	2	147
LPd_1__6477	141	0	23	0	0	0	0	0
LPd_1__6495	200	0	0	0	0	0	0	0
LPd_1__6496	114	0	6	2	0	0	0	0
LPd_1__6498	172	129	1376	148	1	38848	117	9200
LPd_1__6501	20	0	100	2	0	0	0	15
LPd_1__6516	54	0	12	64	0	0	0	0
LPd_1__6518	8147	420	519	1083	655	1030	34	258
LPd_1__652	4783	29	1242	1091	2	614	327	638
LPd_1__6525	313	0	40	7	0	0	0	0
LPd_1__6529	491	0	16	0	0	0	0	0
LPd_1__6542	651	19	73	125	5	90	0	79
LPd_1__6552	473	10	0	21	0	5	0	0
LPd_1__6556	54	21	0	0	0	2	0	3
LPd_1__6561	132	1	331	94	2	47	25	36
LPd_1__6570	60	12	0	0	0	0	0	13
LPd_1__6596	127	45	43	9	0	0	0	4
LPd_1__6605	449	9	446	127	7	338	8	85
LPd_1__6618	367	25	309	30	1	137	55	223
LPd_1__6622	251	0	399	33	23	23	0	1
LPd_1__6628	374	0	3	11	0	12	0	3
LPd_1__6633	202	0	0	74	0	0	0	0
LPd_1__665	53	28	22	18	0	6	0	10
LPd_1__6650	27	38	29	16	8	20	0	1
LPd_1__6651	49	1	6	5	0	3	0	13
LPd_1__6662	81	0	257	2	0	0	0	9
LPd_1__6673	915	92	107	667	41	425	3	55
LPd_1__6681	81	0	69	5	0	0	0	0
LPd_1__6692	3947	272	247	201	173	31	14	1197
LPd_1__6694	34200	74	59569	32148	158	460	175	67
LPd_1__6697	834	75	18	10	0	7557	94	6624
LPd_1__6721	85898	4364	56514	42347	27757	29723	6651	13234
LPd_1__673	2969	0	135	60	0	34	0	8
LPd_1__6733	58	4	0	0	0	0	0	5
LPd_1__6739	775	13	17	0	0	140	71	197
LPd_1__674	69	5	21	29	0	148	0	13
LPd_1__6761	2177	0	300	135	4	0	0	0
LPd_1__6763	22	0	880	20	18	0	0	3
LPd_1__6764	91	5	25	0	0	0	0	6
LPd_1__677	562	0	90	12	0	0	0	0
LPd_1__6777	752	4	8	1	0	433	34	37
LPd_1__6778	25	0	24	40	0	0	0	1
LPd_1__6779	578	16	385	1656	1	26	0	58
LPd_1__6788	145	13	0	7	0	0	0	7
LPd_1__6811	1089	9243	3779	150542	21	21	1250	54
LPd_1__6812	229	2	40	21	0	0	0	59
LPd_1__6818	371	47	548	1025	5	73	0	4
LPd_1__6825	145	4	3	29	0	20	0	0
LPd_1__6828	1093	0	2371	227	4	0	0	0
LPd_1__6829	665	267	457	19	1	0	4	94
LPd_1__6830	382	7	10	10	0	20	0	4
LPd_1__6831	721	0	42	0	0	0	0	0
LPd_1__6847	40	0	115	6	1	1	0	0
LPd_1__6857	484	95183	4931	31	5	7262658	80571	135765
LPd_1__6866	3903	0	217	0	0	0	18	0
LPd_1__6877	176	0	0	0	0	3	0	0
LPd_1__6882	938	1976	137	68399	0	201452	38091	25523
LPd_1__6883	654	22	116	26	211	81	0	78
LPd_1__6884	1335	24	531	613	179	45	0	2
LPd_1__6889	1127	653	1092	57	1	2545	62	97
LPd_1__6904	490	0	31	0	0	36	0	0
LPd_1__6910	6298	0	1631	2	0	0	0	0
LPd_1__6917	6455	703	535	0	89	69	0	36
LPd_1__6918	292	3	727	8	0	45	0	22
LPd_1__6921	27651	0	21723	7016	0	0	0	0
LPd_1__6923	13504	0	1	0	0	23	0	4
LPd_1__6924	170	0	21272	1052	0	0	19	2198
LPd_1__6929	465	0	0	0	0	0	0	0
LPd_1__6930	4871	0	1290	0	6	0	0	0
LPd_1__6932	2404	126	21	170	72	1837	0	83
LPd_1__6933	2144	646	7732	39842	0	797	4	0
LPd_1__6935	30841	0	8	0	0	0	0	0
LPd_1__6940	363	440086	37512	16538	0	1206251	25691	549940
LPd_1__6947	23620	47643	108847	20553	227	7949	218	37449
LPd_1__6949	142	0	2	2227	0	17	0	279
LPd_1__6954	389	0	0	0	0	0	0	0
LPd_1__6956	595	0	0	0	1	0	0	0
LPd_1__697	169	4	13	16	53	2	0	12
LPd_1__70	62	14	0	0	0	0	9	1
LPd_1__701	1363	74	58	6013	9	50	0	671
LPd_1__705	5147	4	5220	17207	0	0	0	220
LPd_1__713	157	12	130	16	26	16	0	3
LPd_1__732	14392	3292	26883	6318	637	1779	356	864
LPd_1__758	199	21	9	28	0	41	0	5
LPd_1__766	1242	69	130	24	6	56	110	138
LPd_1__778	163	0	1073	203	3	2	3	0
LPd_1__788	231	20	73	10	0	396	0	71
LPd_1__797	80	0	113	0	0	0	0	0
LPd_1__80	125	0	0	0	0	5	0	7
LPd_1__800	9252	0	8455	29	99	67	0	0
LPd_1__808	23	0	46	94	0	1	0	0
LPd_1__809	9405	345	4554	3669	922	2377	419	1319
LPd_1__821	4638	0	4249	846	272	0	5	2
LPd_1__824	109	8	152	148	28	16	0	4
LPd_1__829	284	49	882	45	2	125	165	111
LPd_1__84	153	17	47	16	0	27	0	47
LPd_1__840	67344	6	49135	5734	568	0	0	20
LPd_1__847	99	3	208	44	0	207	7	139
LPd_1__857	1355	1	3379	502	22	0	0	0
LPd_1__858	105	2	8	0	0	0	53	21
LPd_1__868	617	0	0	0	0	28	8	0
LPd_1__898	36	4	64	6	1	33	2	14
LPd_1__899	1979	8	36	25	0	54	2	14
LPd_1__914	1222	126	12	0	0	0	0	57
LPd_1__915	484	0	61	4	0	0	0	0
LPd_1__929	722	1022	32381	706	6	7153	253	4481
LPd_1__946	61	1	5	0	0	2	0	7
LPd_1__955	60002	2606	35083	24821	8459	19254	4890	9553
LPd_1__985	31	6	26	38	0	17	2	40
LPd_1__997	703	13	1411	35	0	36	0	8
LPd_2__1001	0	44	6	0	0	295	2	393
LPd_2__1003	340	39	71	246	14	116	3	18
LPd_2__1005	261	710	60	2	0	1	0	87
LPd_2__1019	576	115	66	1110	32	344	10	35
LPd_2__1021	0	1053	47	212	0	143	70	160
LPd_2__1024	0	102	17	4	2	0	1	20
LPd_2__1027	747	88	169	15	0	4216	89485	12166
LPd_2__1036	23	17	7	28	0	16	5	28
LPd_2__1065	74	3544	172	684	0	197246	849	2931
LPd_2__1069	0	423	17	10	3	12	7	17
LPd_2__1072	2001	121	126	175	45	24	6	398
LPd_2__1073	0	421	35	1	0	755	283	159
LPd_2__1084	6316	7428	4647	8992	4761	3643	6935	9359
LPd_2__1086	0	177	5	7	0	0	0	1
LPd_2__1087	100	23	33	4	0	45	0	250
LPd_2__1090	21	2855	154	2827	13	63	6	175
LPd_2__1093	25	33	80	14	1	16	0	32
LPd_2__11	45	11	143	39	0	0	0	0
LPd_2__1100	123	1306	110	1042	0	51784	47	1711
LPd_2__1101	5256	148	5997	114	19	2139	256	875
LPd_2__1114	58	609	307	91	14	609	99	1441
LPd_2__1122	2	196	14	16	0	319	11	170
LPd_2__1131	24	20	0	14	0	22	0	16
LPd_2__114	2	1699	404	0	0	0	0	0
LPd_2__1149	1523	17638	332225	15917	400	4734	18790	218711
LPd_2__1153	0	310	31	1	0	3	4	35
LPd_2__1157	29	304	158	97	7	15	213	69
LPd_2__1164	103	37	127	0	0	0	0	0
LPd_2__1168	0	212	0	0	0	4303	0	326
LPd_2__1170	1926	183	211	1361	46	1136	6	121
LPd_2__1173	23	34	31	27	1	17	2	11
LPd_2__1184	0	56	0	0	0	127	13	0
LPd_2__1202	0	298	0	2	0	263	0	8
LPd_2__1204	0	126	0	1145	0	1273	543	375
LPd_2__1210	0	79	0	2	0	9	0	0
LPd_2__1214	1	130	54	4	3	97	122	124
LPd_2__1234	708	41	1178	1153	14	13	0	3361
LPd_2__1235	521	110	197	13	2	1136	12	1769
LPd_2__1245	27	2321	93	45	4	89	72	864
LPd_2__1248	3	186	111	4	2	7405	0	79
LPd_2__1251	0	42	0	6	0	283	168	20
LPd_2__1252	0	18	152	25	0	0	0	0
LPd_2__1264	0	389	26	45	0	0	0	42
LPd_2__1270	91	1073	36	732	0	41343	329	1069
LPd_2__1287	0	233	2	3	0	7	183	84
LPd_2__1295	0	43	2	0	0	78	0	16
LPd_2__1315	1	270	100	61	5	1095	8	625
LPd_2__1323	108	71	44	7	1	0	0	14
LPd_2__1325	117	27	35	6	3	29	19	302
LPd_2__1333	0	783	179	0	0	0	0	0
LPd_2__1344	472	32	719	175	3	185	41	39
LPd_2__1353	0	852	199	2	2	0	0	0
LPd_2__1364	717	24	14	2	123	2	0	28
LPd_2__1384	8	476	41	53	0	1664	0	353
LPd_2__139	15	402	70	2	0	8539	911	399
LPd_2__1395	12	43	43	0	1	6	7	3
LPd_2__1398	0	74	1	0	0	0	0	2
LPd_2__1410	0	1978	16	6	0	5	15	1
LPd_2__1412	2	731	211	2	2	0	0	0
LPd_2__1415	550	98	1375	161	13	234	29	323
LPd_2__1417	110	98	75	34	1	100	0	68
LPd_2__1420	933	120	2206	255	35	13	0	14
LPd_2__143	4	94	55	12	3	6	0	5
LPd_2__1433	170	120	102	6	1	0	3	38
LPd_2__1445	0	69	17	3	0	0	0	20
LPd_2__1446	196	28	56	2	0	62	29	410
LPd_2__145	432	183	972	115	38	614	39	340
LPd_2__1450	25050	1416	16390	12052	1750	6734	894	3835
LPd_2__1467	0	200	2	0	0	0	0	25
LPd_2__1476	4	123	87	45	0	5363	2	591
LPd_2__148	0	67438	2585	7506	2	104522	21722	173902
LPd_2__1494	0	665	95	4	0	2	203	890
LPd_2__1499	0	215	17	0	0	8	139	19
LPd_2__15	10289	440	7110	3646	1076	3310	355	1681
LPd_2__1501	0	496	175	0	0	0	0	1
LPd_2__1521	1784	87	46	13	99	81	0	49
LPd_2__1524	0	21	8	0	0	61	4	9
LPd_2__1529	4	50	4	0	0	2	1	57
LPd_2__1534	50	31	16	1	0	9	3	20
LPd_2__154	19	81	0	19	0	49	0	5
LPd_2__1545	6	147	258	1110	18	316	148	138
LPd_2__1552	194	79	148	14	2	92	63	262
LPd_2__1558	362	35	25	2135	5	25	0	245
LPd_2__1562	0	91	60	36	0	3	0	0
LPd_2__1566	0	885	2	0	0	0	0	0
LPd_2__1567	23	1777	486	1998	3	817	652	227
LPd_2__1573	75	25	262	416	8	36	0	1
LPd_2__1575	9461	29	355	4195	0	518	0	42
LPd_2__1576	315	116	38	100	54	88	3	31
LPd_2__1593	11	29	280	77	4	0	0	0
LPd_2__1595	6329	666	532	0	76	71	0	44
LPd_2__1614	433	92	84	596	5	340	4	43
LPd_2__1618	44	204	110	51	0	12	6	12
LPd_2__1636	0	309	12	7	0	7	158	126
LPd_2__164	0	3958	1343	0	2	219574	34	320284
LPd_2__1653	3	974	30	7	0	35	4	39
LPd_2__1655	20	20	2	78	10	11	0	5
LPd_2__1661	2	23	14	2	0	6	2	31
LPd_2__1665	35994	1974	24952	15932	3402	9147	904	5722
LPd_2__1670	0	1437	114	114	0	12	0	369
LPd_2__1682	2	95	31	6	35	243	5	75
LPd_2__1692	416	247	291	31	0	0	0	52
LPd_2__1695	1631	80	7	37	31	0	0	37
LPd_2__170	126	26	38	17	4	56	20	245
LPd_2__1712	128	444	9562	132	0	1370	63	1110
LPd_2__1717	0	1116	81	665	0	1200	619	612
LPd_2__1722	0	94	0	3	0	29	0	0
LPd_2__1726	0	135	20	5	0	9	6	84
LPd_2__173	157	30	257	484	4	53	0	0
LPd_2__1740	214	56	36	254	4	103	2	11
LPd_2__1745	1	263	0	0	0	207	35	121
LPd_2__1751	5983	967	5632	3870	3253	19431	320	3143
LPd_2__1752	5	157	20	4	0	14	6	102
LPd_2__1756	0	1707	1458	387	2	75	0	32
LPd_2__1759	123182	5224	74753	48367	8987	31365	8057	17979
LPd_2__176	9	686	51	91	3	3426	1	155
LPd_2__1761	0	724	1	8	0	1111	2455	706
LPd_2__1762	156	31	77	15	1	35	48	328
LPd_2__1765	0	7119	570	62	0	320905	142	6614
LPd_2__1771	0	272	0	2	0	11	177	635
LPd_2__1772	2	239	16	0	0	2432	5	15286
LPd_2__1774	0	483	116	2	0	0	0	4
LPd_2__1785	36	84	51	128	16	813	7	35
LPd_2__1792	112	208	23	55	1	1285	1	52
LPd_2__1798	0	579	0	4	0	8	0	0
LPd_2__1799	0	5456	368	39	0	17	15	10
LPd_2__18	6597	55916	3752	1235	1750	315143	527085	264259
LPd_2__1813	379	28	16	12	23	10	0	35
LPd_2__1834	0	64	0	2	0	106	0	0
LPd_2__1842	1021	482	675	130	33	577	119	2554
LPd_2__1849	0	60	0	0	0	100	0	0
LPd_2__1858	0	678	235	0	0	2348	0	168
LPd_2__1859	2	84	8	0	0	4	149	19
LPd_2__1874	73	228	1378	395	2	941	10	1037
LPd_2__1901	0	77	0	0	0	44	0	16
LPd_2__1906	64	33	66	40	0	34	10	15
LPd_2__1907	0	5505	55	8419	0	0	0	0
LPd_2__1918	3	998	51	132	85	84	33	3
LPd_2__192	0	57	0	2	0	297	0	6
LPd_2__1925	0	58	0	0	0	0	0	0
LPd_2__1926	0	551	5425	504	0	0	0	0
LPd_2__194	12	48	191	86	0	4033	9	215
LPd_2__1940	0	178	4	64	0	10	423	395
LPd_2__1944	13	26	9	0	0	7	1	22
LPd_2__1945	0	115	30	62	0	163	39	291
LPd_2__1946	74	342	101	3	0	959	7	34
LPd_2__1948	19762	4093	292026	16499	210	11101	867	792619
LPd_2__1952	70	376	2280	69	0	2218	83	1629
LPd_2__1953	457	201	454	132	28	4885	71	7743
LPd_2__1954	89	20	257	50	0	49	18	24
LPd_2__1960	164	19	316	57	1	65	25	33
LPd_2__1961	0	53	21	2	0	9	2	154
LPd_2__1964	243058	112	165012	14157	165	2	0	0
LPd_2__1968	61062	4528	159943	13432	102	27730	2642	5319
LPd_2__1976	280	141	166	5	5	0	1	32
LPd_2__1979	26465	956	12628	10309	2692	6909	1130	3386
LPd_2__1980	0	119	0	6	0	2	0	0
LPd_2__1981	0	517	10	94	2	101	5	14
LPd_2__1996	50	39	23	0	0	0	0	12
LPd_2__1997	67	43	87	50	9	65	0	38
LPd_2__2000	0	103	0	0	0	23	0	0
LPd_2__2015	0	251	8	47	0	11	649	460
LPd_2__2017	6	37	143	5	0	4151	3	1199
LPd_2__202	54	23	7	7	12	14	2	4
LPd_2__2025	3216	259	194	0	0	47	12	3315
LPd_2__2035	24	406	77	6	0	1113	8	4
LPd_2__2036	2	245	17	31	0	131	31	185
LPd_2__2038	44	315	455	796	0	2271	9	19
LPd_2__2043	9	20	2	0	0	26	0	73
LPd_2__2044	0	1114	2	0	0	0	0	14
LPd_2__2045	56	28	0	0	0	7	0	8
LPd_2__2049	0	125	1	2	0	0	0	0
LPd_2__2053	0	252	0	0	0	40	0	0
LPd_2__2070	197	101	19	56	0	3617	39	8472
LPd_2__2073	56	116	0	1	0	25	4	15
LPd_2__2075	50	171	42	9	0	33	0	26
LPd_2__2088	599	94	6	1	0	21	0	2
LPd_2__2095	0	7308	317	0	0	200	182	5404
LPd_2__2102	1	200	6	17	0	731	160	114
LPd_2__211	153	1013	268	117	3	6633	1989	2272
LPd_2__2138	40	50	2	4	0	0	0	2
LPd_2__2141	131	24	29	5	0	29	14	77
LPd_2__2149	30637	369	1745	5082	2	1	4	5
LPd_2__2156	764	325	403	87	2	567	464	611
LPd_2__2160	0	585	1021	0	0	85	904	184
LPd_2__2173	0	202	34	2	0	326	0	19
LPd_2__2182	3084	83	159	5	132	58	0	62
LPd_2__2192	6	91	135	37	0	91	712	7
LPd_2__2199	0	74	0	0	0	28884	116	27
LPd_2__2201	0	581	4	0	6	0	1	0
LPd_2__2204	133	25	37	0	0	0	21	452
LPd_2__2209	26	167	4126	30	0	631	41	927
LPd_2__2210	9863	956	7328	4315	1333	3626	528	1737
LPd_2__2225	2	2953	108	44	0	1303	32	1007
LPd_2__2227	61	290	3636	1	0	515	0	2704
LPd_2__2229	4	48	0	0	0	49	11	6
LPd_2__223	11639	25238	53527	10093	126	3863	46	18739
LPd_2__2245	0	73	7	0	0	23	0	116
LPd_2__2254	2	66	0	0	0	0	0	490
LPd_2__2261	0	89	3	0	1	7	18	190
LPd_2__2263	0	576	0	0	0	7	88	0
LPd_2__2268	2983	495	6423	185	2	341	4	701
LPd_2__2271	7	848	285	281	5	531	165	104
LPd_2__2289	0	67	0	0	0	17	0	0
LPd_2__2294	0	175	29	0	0	4924	5	4
LPd_2__230	1437	9727	1934	547	1	5856	2461	5679281
LPd_2__2305	0	72	0	31	0	51	0	4
LPd_2__2306	16	1222	130	217	0	138	7	37
LPd_2__2309	0	48	0	0	0	10	1	0
LPd_2__2311	5	20964	739	5	2	1562775	8263	21435
LPd_2__2313	180	43	37	16	0	0	7	2
LPd_2__2325	0	349	3	36	1	25	0	58
LPd_2__2339	1	617	19	0	0	561	25	3
LPd_2__2340	2	246	46	15	0	558	137	153
LPd_2__2354	1008	118	229	25	49	116	0	101
LPd_2__2356	7	596	5658	2125	0	1244	0	0
LPd_2__2364	0	135	7	33	0	221	2	38
LPd_2__2372	0	783	0	7	0	1394	46	2
LPd_2__2398	0	105	0	0	0	2	23	4853
LPd_2__2409	582	6678	645	916	3	7594	43	2699
LPd_2__242	751	2028	160	50403	0	239894	39565	26720
LPd_2__2423	0	41	0	5	0	143	92	21
LPd_2__2430	1231	457	934	757	33	313	47	410
LPd_2__2446	0	46	4	12	0	122	6	185
LPd_2__2447	1535	261	909	12	4	0	14	0
LPd_2__245	660	444	294	34	14	0	572	4733
LPd_2__2453	4719	129	42	42	0	3	0	0
LPd_2__2464	2	440	20	887	0	660	0	24
LPd_2__247	191	25	70	21	4	70	20	394
LPd_2__2470	0	329	46	4	1	18	6	101
LPd_2__2478	6027	114	0	2	0	252	1	73
LPd_2__248	10482	51370	14304	1176	0	228	124	1686
LPd_2__2486	21	281	150	67	29	945	17	166
LPd_2__2498	0	134	19	45	7	32	74	1138
LPd_2__2504	0	1970	0	0	0	10916	7262	3469
LPd_2__2505	88465	3833	45239	40854	9513	19633	5850	11907
LPd_2__2506	143	16	55	8	1	49	9	245
LPd_2__2507	500	53	783	21	14	848	94	213
LPd_2__2509	51	140	23	1	0	4421	0	11
LPd_2__251	0	83	42	36	0	8	26	2
LPd_2__2512	0	98	0	0	0	106	0	22
LPd_2__2515	0	47	0	0	0	13	0	34
LPd_2__2526	31	938	40	3	0	9	2	2
LPd_2__2528	1094	59	1565	39	1	1397	141	529
LPd_2__2529	147	116	89	2	1	0	0	15
LPd_2__2534	0	3332	2	0	0	555	2	1
LPd_2__2544	0	586	79	0	1	0	2	0
LPd_2__255	0	1846	0	0	0	249750	21	20409
LPd_2__2559	0	120	35	18	0	9	0	2
LPd_2__2562	0	361	111	22	0	70	6	425
LPd_2__2567	174	57	99	17	7	98	44	641
LPd_2__258	7234	16532	32265	6173	72	2427	111	11205
LPd_2__2584	6	39	44	23	12	346	2	28
LPd_2__2598	0	1609	249	0	0	68	460	2694
LPd_2__2613	0	105	72	0	0	0	0	15
LPd_2__2624	0	228	8	0	0	13	0	22
LPd_2__2627	22	439	40	6	0	170	372	86
LPd_2__2637	0	81	0	0	0	19	0	0
LPd_2__2646	169	205	134	9	1	0	2	38
LPd_2__2647	0	190	79	35	0	24	0	25
LPd_2__2648	479	143	324	87	1	188	38	1093
LPd_2__2671	4	78	46	39	1	0	1	1
LPd_2__2674	54	81	0	0	0	34	53	9
LPd_2__2681	0	79	13	9	0	1116	20	94
LPd_2__2684	0	91	9	0	0	0	0	29
LPd_2__269	224	51	10	2	0	1576	423	3463
LPd_2__2696	2	126	12	0	0	0	0	26
LPd_2__2698	21	97	55	3	0	10	0	12
LPd_2__2702	3741	242	17	26	0	41	0	3
LPd_2__2719	0	963	0	0	0	59237	0	425
LPd_2__2721	1211	178	504	20	1	7	19	458
LPd_2__2725	123	26	81	613	0	120	2	49
LPd_2__2726	8	16	22	17	0	30	3	23
LPd_2__2731	0	82	0	0	0	31	0	84
LPd_2__2735	0	603	2	2	0	10	583	993
LPd_2__2737	0	50	0	0	0	35	0	0
LPd_2__2739	0	39	0	13	0	266	2	533
LPd_2__2748	517	722	271	98	17	663	141	589
LPd_2__2750	316	175	233	195	32	3920	69	34
LPd_2__2756	0	230	31	4	0	776	0	31
LPd_2__2759	0	512	3	0	0	1305	3	33
LPd_2__2762	0	224	0	0	0	0	10192	3
LPd_2__2768	734	160	218	2674	5	83	0	707
LPd_2__2776	0	335	8	2	0	0	0	0
LPd_2__2777	0	2517	0	0	0	890	683	1124
LPd_2__2782	0	293	99	0	0	0	0	0
LPd_2__2787	14	427	13	23	1	2346	66	241
LPd_2__2790	330	244	1187	344	12	1186	41	4658
LPd_2__28	15	39	441	96	0	0	0	0
LPd_2__2818	1218	146	772	112	19	826	84	465
LPd_2__2820	0	656	679	0	24	455	0	0
LPd_2__2834	20	63	90	7	0	4	0	0
LPd_2__2836	1	635	32	956	0	1327	381	301
LPd_2__2838	366	243	118	29	0	5	1	0
LPd_2__2839	115	34	119	37	0	23	0	27
LPd_2__2840	23175	1152	16646	10698	3325	7504	971	4084
LPd_2__2853	13	97	45	14	8	465	113	344
LPd_2__2862	0	76	10	0	0	5	3	2
LPd_2__287	36	228	287	2081	0	290	299	118
LPd_2__2871	1379	40	0	2	0	54	272	67
LPd_2__2877	82	32	7	34	0	79	0	44
LPd_2__2881	2	63	2	2	2	15	44	214
LPd_2__2882	38	669	66	112	0	2028	12	126
LPd_2__2884	92	26	196	104	0	55	9	85
LPd_2__2890	40	23	0	0	0	0	0	0
LPd_2__2903	0	118	1	0	0	39	0	0
LPd_2__2926	6	80	36	4	10	2	5	0
LPd_2__2940	2	86	5	3	0	88	39	45
LPd_2__2947	0	328	0	0	0	2	0	0
LPd_2__295	338	143	162	21	45	161	131	361
LPd_2__2953	260	17	12	0	26	4	2	51
LPd_2__296	41	252	28	0	0	0	0	30
LPd_2__2968	2	123	46	16	1	14	43	6
LPd_2__297	0	89	49	0	0	0	0	9
LPd_2__2976	3	133	23	11	0	260	3	100
LPd_2__2998	0	28	21	4	0	92	6	153
LPd_2__3002	27	334	82	1	23	938	158	2209
LPd_2__3003	126	77	70	24	1	0	1	1
LPd_2__3005	653	186	43	32	2	11049	140	15211
LPd_2__3015	1902	139	135	103	98	10	4	691
LPd_2__3021	1093	58	82	5	0	66	0	63
LPd_2__3051	68	34	11	6	0	0	25	620
LPd_2__3080	0	6451	142	2	0	103	0	7
LPd_2__3102	475	183	47	26	0	7581	164	11993
LPd_2__3103	337	94	195	17	0	1894	64	4310
LPd_2__3105	0	359	4	2	0	2	268	102
LPd_2__3130	149	223	133	6	2	0	2	70
LPd_2__3131	229	1072	1323	235	3	42812	371	360
LPd_2__3135	3	23	67	33	0	3079	4	640
LPd_2__3142	1	310	253	0	0	58	556	6
LPd_2__3152	16	382	26	30	8	556	325	112
LPd_2__3174	0	33	0	0	0	1598	0	45
LPd_2__3176	115	505	7421	270	1	1697	130	2204
LPd_2__3189	207855	8907	123536	85359	19717	51429	8243	29169
LPd_2__319	11	1068	15	10	2	14	35	0
LPd_2__3194	558	104	1094	171	32	1	0	5
LPd_2__3200	7	139	5	21	10	571	21	47
LPd_2__321	0	1331	111	16	0	25940	104	3941
LPd_2__334	716	81	22	20	0	2	0	0
LPd_2__338	13	2475	38	64	3	5502	86	1336
LPd_2__340	4300	249	35	164	0	24	0	16
LPd_2__341	96	22	19	11	1	54	20	387
LPd_2__35	796	30	1024	51	0	472	14	134
LPd_2__350	0	1462	112	0	0	250	0	4
LPd_2__357	53	46	34	6	0	0	0	24
LPd_2__364	12	20806	858	2	3	1758999	3290	3840
LPd_2__366	48	41	48	22	0	45	14	21
LPd_2__369	0	84900	9310	2214	0	674	19301	11211
LPd_2__375	3	2527	232	10	0	371	380	1155
LPd_2__379	0	259	40	807	0	386	49	1147
LPd_2__390	0	147	20	20	0	0	84	281
LPd_2__394	0	1363	152	7	0	85	0	1
LPd_2__395	61	741	5	0	0	1	0	14
LPd_2__405	9	477	54	4	4	6755	56	890
LPd_2__410	0	283	77	55	0	336	7	145
LPd_2__42	76	444	5897	106	1	2212	122	1426
LPd_2__429	0	1751	19	16	0	31	0	0
LPd_2__437	2727	990	893	158	0	1	19	4
LPd_2__441	0	102	1	2	1	2	0	7
LPd_2__451	108	880	405	38	27	58	0	19
LPd_2__460	0	49	6	20	0	44	5	62
LPd_2__473	303	34	7	3	0	20	0	2
LPd_2__474	0	167	50	81	0	0	102	353
LPd_2__476	1235	263	3207	557	170	88	2	17
LPd_2__48	0	573	14	3	0	0	0	0
LPd_2__484	0	385	50	18	1	125	17	106
LPd_2__49	11	28	468	88	0	0	0	0
LPd_2__491	0	61	16	0	0	0	0	3
LPd_2__497	777	173	86	45	1	244	260	145
LPd_2__505	288844	12541	160561	115606	39281	73904	69400	39289
LPd_2__506	93	784	36	563	0	43562	50	960
LPd_2__510	0	307	74	0	7	583	62	2110
LPd_2__512	175	1171	1043	1463	6	1201	463	501
LPd_2__513	0	1269	67	10	0	0	2	228
LPd_2__514	103	30	6	0	0	66	9	18
LPd_2__515	151	158	64	14	0	0	3	0
LPd_2__518	4	71	14	6	0	41	0	58
LPd_2__520	0	366	8	2	0	92	2	289
LPd_2__527	696	795	281	19	3	0	3	96
LPd_2__53	10	69	51	89	1	52	2	8
LPd_2__550	0	45	9	0	2	7	33	15
LPd_2__565	195	277	537	89	11	2	0	6
LPd_2__569	36	1582	295	61	5	419	0	139
LPd_2__57	91	134	641	97	2	31715	100	7008
LPd_2__582	5802	552	457	12	0	18	12	1737
LPd_2__598	82	364	319	93	3	78	23	61
LPd_2__599	26	54	62	113	0	71	2	4
LPd_2__602	89	15	21	6	0	21	4	81
LPd_2__604	1199	947	1078	25	15	0	0	219
LPd_2__608	3	20	14	138	2	9	44	21
LPd_2__612	0	78	8	2	0	1327	0	67
LPd_2__617	0	28	0	4	0	4500	97	11826
LPd_2__623	0	133	3	0	0	0	59	375
LPd_2__624	50	93	149	15	1	59	15	49
LPd_2__625	1143	107	1071	103	36	359	34	389
LPd_2__626	6	898	81	18	0	1719	8113	990
LPd_2__628	0	92	61	0	0	287	93	1186
LPd_2__643	0	95	56	2	0	5	0	4
LPd_2__646	1	100	15	27	0	333	207	266
LPd_2__649	2	1759	109	25	3	42	0	24
LPd_2__650	0	1624	50	55	3	10	2	438
LPd_2__651	72	94	316	234	0	170	36	86
LPd_2__652	216	70	140	33	0	65	23	474
LPd_2__657	0	452	35	4	0	56	52	30
LPd_2__686	0	493	17	4	0	112	8	2
LPd_2__69	0	952	5	69	7	36	0	99
LPd_2__693	10478	4280	49722	9722	318	112993	117	1784
LPd_2__707	0	59	73	10	0	3000	4	1289
LPd_2__712	117	968	39	786	0	38593	46	1586
LPd_2__717	0	8439	249	4	0	109294	1232	307862
LPd_2__735	20	107	1	5	0	66	0	49
LPd_2__736	174	89	13	27	0	94	27	51
LPd_2__737	1	84	70	10	0	9	7	4
LPd_2__740	35	25	23	0	0	0	0	11
LPd_2__744	2	216	6	0	0	0	0	74
LPd_2__75	11	21	27	49	0	20	2	33
LPd_2__750	42	277	0	0	0	142	59	52
LPd_2__754	2	89	27	0	0	5	0	3
LPd_2__755	0	84	5	4	0	64	2	83
LPd_2__758	3081	1616	5855	279	83	674	42	2375
LPd_2__761	8	131	1320	553	0	152	0	164
LPd_2__767	8	2237	64	20	0	19	22	53
LPd_2__772	0	92	2	0	0	0	0	0
LPd_2__775	0	951	0	0	0	26720	449	56280
LPd_2__790	11	131	1444	13	0	333	71	383
LPd_2__795	0	5859	324	327	2	103	1472	12
LPd_2__798	0	1623	65	5	0	50	616	469
LPd_2__807	14	33	63	45	1	14	3	18
LPd_2__815	139	14	40	7	0	25	20	146
LPd_2__825	0	71	0	0	0	0	8	0
LPd_2__832	0	110	22	29	0	2	0	49
LPd_2__835	0	27	127	8	2	7	0	60
LPd_2__846	676	1791	7691	6698	266	8995	3321	753
LPd_2__849	0	1055	15	114	0	3252	23	0
LPd_2__850	0	1723	19	0	0	0	2492	5
LPd_2__853	13	2354	78	26	0	5894	442	1462
LPd_2__864	2	82	52	22	0	0	8	8
LPd_2__866	0	53	6	19	3	18	30	231
LPd_2__880	8	32	28	22	0	13	6	18
LPd_2__886	0	74	0	0	0	15	0	0
LPd_2__897	0	38	0	0	0	8639	46	22449
LPd_2__902	0	26	10	0	3	251	4	183
LPd_2__903	110	31	74	15	0	23	2	255
LPd_2__907	0	42	45	30	0	111	2	273
LPd_2__908	0	40	10	1	0	442	1	65
LPd_2__91	19	93	904	70	0	19	0	0
LPd_2__919	9	58	50	9	10	320	2	200
LPd_2__921	0	39	0	0	0	168	0	0
LPd_2__923	0	30	0	0	0	36	0	243
LPd_2__929	43	58	8	22	8	68	40	138
LPd_2__957	0	183	10	0	0	2	0	43
LPd_2__96	1100	77	55	79	51	5	0	267
LPd_2__960	83	50	64	96	0	66	14	38
LPd_2__964	0	34914	7889	275	25	63598	8355	5954
LPd_2__968	4	102	7	2	0	133	3	493
LPd_2__97	0	1300	3	6	0	12967	180	28402
LPd_2__986	2	49	26	39	0	2575	3	2173
LPd_2__988	379	23	805	65	0	2	0	0
LPd_2__990	0	73	0	3	0	29	19	385
LPd_3__100	44	114	1992	0	0	170	0	1033
LPd_3__10011	13	2	78	11	4	13	0	17
LPd_3__10023	0	0	96	5	0	0	0	0
LPd_3__10030	0	4338	624	2	1	5	0	22
LPd_3__10034	0	0	70	0	0	0	2	2
LPd_3__10052	0	0	96	0	10	0	0	0
LPd_3__10057	12062	641	5291	302	0	2	11	0
LPd_3__10065	0	0	164	0	0	0	0	0
LPd_3__10070	407	1	377	1586	31	6	2215	2
LPd_3__10080	25	2	262	42	3	32	1604	12
LPd_3__10085	19	1	553	73	0	2	5	4
LPd_3__10086	0	0	139	0	0	0	8	6
LPd_3__10095	14421	258	17935	460	18	3973	437	1637
LPd_3__10103	3	10	218	80	0	155	11	12
LPd_3__10119	39	84	261	85	14	598	47	99
LPd_3__1012	0	102	1476	27	25	0	0	0
LPd_3__10128	335	0	330	61	4	2	0	39
LPd_3__10134	0	32	579	8	0	2	2	69
LPd_3__10151	286	0	1423	1	7	50	0	40
LPd_3__1016	3227	0	9585	5527	142	14	0	31
LPd_3__10177	486	112	81	28	25	68	3	269
LPd_3__10178	3	29	32	8	0	128	8	79
LPd_3__10186	42	41	519	344	20	115	776	296
LPd_3__10187	2	11	109	4	0	72	0	3
LPd_3__10205	0	0	72	33	0	13	2	7
LPd_3__10214	0	46	60	19	0	5	1	6
LPd_3__10215	0	2	58	0	0	0	0	4
LPd_3__10219	0	11	644	0	0	4	5	139
LPd_3__10249	9	0	53	5	0	0	0	0
LPd_3__1025	10370	6947	2504	56616	0	265800	931	190838
LPd_3__10281	3	5	68	29	0	0	0	14
LPd_3__10295	0	2	49	43	0	0	0	1
LPd_3__10302	0	4	93	4	0	6	0	15
LPd_3__10325	0	0	79	7	0	2	0	0
LPd_3__10327	2	18	205	27	0	0	0	0
LPd_3__10332	7	29	106	7	0	21	9	39
LPd_3__10335	145	0	32	4	0	0	0	2
LPd_3__1034	2491	121	1301	287	106	705	40	837
LPd_3__10342	14	59	559	7	15	157	0	83
LPd_3__10346	714	60	220	21	1	190	16	509
LPd_3__10358	1211	0	116	2	0	0	0	0
LPd_3__10371	1519	0	228	93	0	0	0	0
LPd_3__10379	0	0	87	0	0	0	0	0
LPd_3__10393	448	0	381	168	8	0	0	28
LPd_3__10398	3464	25	3436	2900	210	18	0	135
LPd_3__10405	215	0	71	52	0	0	0	0
LPd_3__10413	33	0	471	7	0	0	0	0
LPd_3__10429	186	0	948	978	26	14	0	1
LPd_3__1045	26	0	31	47	0	0	0	0
LPd_3__10462	29	1	1836	30	28	17	5024	31
LPd_3__10471	0	0	471	6	0	0	0	0
LPd_3__10488	8	0	3095	231	0	76	34	16
LPd_3__1050	84	2	161	117	3	1	0	2
LPd_3__10502	2	27152	3360	334	2	27436	1380	132606
LPd_3__1051	0	0	81	21	0	0	0	3
LPd_3__10516	46	14	66	4	0	12	18	13
LPd_3__10521	0	57	896	9	0	9	7	451
LPd_3__10524	59	0	89	115	0	0	0	20
LPd_3__10536	124	11	1218	8	6	73	89	73
LPd_3__10547	699	2109	177	45376	0	248220	109455	26361
LPd_3__10549	569	416	159	157	32	290	65	17
LPd_3__10563	0	0	72	0	0	0	0	0
LPd_3__10570	363	43	406	165	30	23	0	3
LPd_3__10585	320	9	178	167	9	10	0	1
LPd_3__10586	6	0	153	98	0	3	0	24
LPd_3__10589	0	22	1082	11	73	14	0	6
LPd_3__10594	82	0	190	24	6	4	0	0
LPd_3__10600	28	0	99	115	0	4	0	5
LPd_3__10606	0	2	157	2	2	0	1	60
LPd_3__10608	0	0	122	18	0	4	0	67
LPd_3__10621	0	1915	378	2	2	0	0	12
LPd_3__10645	43	44	96	7	0	121	2	214
LPd_3__10649	0	0	495	2	0	1	0	10
LPd_3__10658	1050	80	68	12	0	0	0	4
LPd_3__10667	190	178	2170	262	2	49089	108	11101
LPd_3__10670	48	7	102	10	2	178	2	33
LPd_3__10671	218	0	1485	77	0	10	1	17
LPd_3__10676	651	1	477	1	2	4	0	11
LPd_3__1068	10216	1	26513	47	0	0	0	0
LPd_3__10686	0	0	107	37	0	0	0	0
LPd_3__10690	0	0	279	16	2	4	0	0
LPd_3__10713	38	55	275	79	17	555	15	32
LPd_3__10730	187	32	982	667	0	587	0	148
LPd_3__10733	357	17	4861	325	5	157	90	157
LPd_3__10742	33	11	195	0	0	131	0	8
LPd_3__10749	0	27	690	18	0	1869	121	707
LPd_3__10783	0	693	266	1493	0	306	161	136
LPd_3__10785	92	1	357	64	0	9	0	17
LPd_3__10813	291	0	841	63	2	0	0	0
LPd_3__10825	8	0	116	0	0	0	0	2
LPd_3__10835	733	2	54228	885	0	348	0	22
LPd_3__10852	30	9	407	43	0	169	80	57
LPd_3__10853	24	35	134	27	23	122	0	97
LPd_3__10872	389	0	129	40	0	60	2	4
LPd_3__10876	0	4	46	2	0	150	0	5
LPd_3__10878	179	0	1068	0	0	0	0	4
LPd_3__1088	138	14	236	14	0	81	0	18
LPd_3__10881	2	2	222	0	0	17	11	30
LPd_3__10883	5	688	1673	1568	0	727	101	150
LPd_3__10889	0	2	56	2	0	11	9	0
LPd_3__10891	13	26	34	28	2	26	84	14
LPd_3__10893	0	0	518	4	0	0	0	0
LPd_3__1090	734	11	1308	259	0	1159	22	606
LPd_3__10906	562	48	600	130	141	138	3	10
LPd_3__10912	26	0	150	30	0	0	0	0
LPd_3__10916	295	7	57	45	1	18	1	26
LPd_3__10924	2	6	73	84	0	29	0	28
LPd_3__10927	0	110	424	2	0	85	0	27
LPd_3__1093	0	0	105	0	0	0	0	0
LPd_3__10949	0	3	1006	693	2	160	2	31
LPd_3__10950	180	9	74	36	0	39	6	34
LPd_3__10956	0	0	123	0	32	25	70	0
LPd_3__10959	2	0	35	25	0	25	0	53
LPd_3__10970	6	93	1086	55	0	22	16	2
LPd_3__10981	224	1741	104	1404	0	58080	156	1658
LPd_3__10991	0	3	35	0	0	231	1	74
LPd_3__10993	0	0	67	0	0	0	0	0
LPd_3__11001	946	689	1183	65	3	2421	69	141
LPd_3__11004	7	0	265	8	0	152	0	56
LPd_3__11007	13	2	110	8	0	1	0	1
LPd_3__11028	27	34	350	0	0	3	0	0
LPd_3__11030	4487	77	2811	4435	4248	2787	0	105
LPd_3__11039	4	10	122	63	0	366	2	127
LPd_3__11041	9	5	89	19	5	18	0	60
LPd_3__11075	0	115391	4166	12789	4	181175	128354	292227
LPd_3__1108	5	1	34	0	0	42	0	7
LPd_3__11082	0	4	65	4	0	0	2	7
LPd_3__11085	194	12	528	609	20	37	0	15
LPd_3__11086	33	39	434	19	0	31	11	51
LPd_3__11093	0	0	76	0	0	0	0	26
LPd_3__11102	100	16	62	10	0	46	50	115
LPd_3__11103	529	315	768	270	1	239	36	240
LPd_3__11108	0	0	143	0	0	0	0	0
LPd_3__11127	166	68	4677	269	4	1308	99	247
LPd_3__11129	1	0	116	0	5	1	0	4
LPd_3__11134	5	2	958	0	4	21	0	26
LPd_3__11138	0	577	948	0	0	103	882	167
LPd_3__11139	88	0	296	545	67	0	0	0
LPd_3__11145	64	48	639	176	0	111	5	116
LPd_3__11160	0	0	3830	0	0	0	1	2
LPd_3__1122	157	94	108	4	0	0	0	52
LPd_3__1128	22	785	104	70	4	2616	18	342
LPd_3__1144	4	0	107	48	0	0	0	14
LPd_3__116	0	0	45	13	0	0	0	0
LPd_3__1172	2554	0	5866	3731	56	0	0	70
LPd_3__1179	46	4	52	19	1	94	0	16
LPd_3__1188	310	40	2442	325	0	1090	8	189
LPd_3__1200	719	133	1396	198	29	1	0	6
LPd_3__1201	8751	380	6118	2813	982	2814	246	1468
LPd_3__1204	0	0	88	4	0	0	0	0
LPd_3__1208	120	0	858	43	2	1	1	4
LPd_3__1224	451	0	278	44	3	0	0	0
LPd_3__1225	1512	0	3383	6951	81	0	0	0
LPd_3__1226	2824	0	3022	4687	383	0	12	8
LPd_3__1227	2	0	27606	347	0	0	2	13
LPd_3__1242	17	0	1856	3176	0	0	0	149
LPd_3__1249	82854	27014	36565	100658	48354	3941	3840	13182
LPd_3__1253	327	92	941	118	0	79	29	50
LPd_3__1261	18	23	114	21	2	41	0	13
LPd_3__1262	141	3	84	274	6	0	2	0
LPd_3__1265	143	9	695	6	3	11	2	35
LPd_3__1271	0	2	3720	32	0	84	0	6
LPd_3__1277	35	1	80	167	0	4	0	14
LPd_3__1282	0	0	60	0	0	0	0	0
LPd_3__1291	2	0	47	2	0	0	0	0
LPd_3__1297	25	0	25	2	0	0	0	4
LPd_3__130	4	0	76	0	0	0	0	1
LPd_3__1309	24	4	189	67	0	1	13	16
LPd_3__1311	184	13	389	69	2	22	0	1
LPd_3__1317	0	0	291	19	0	0	0	0
LPd_3__1355	58	1	1618	1089	428	2	0	6
LPd_3__1361	667	127	1898	263	10	318	189	277
LPd_3__1366	162	5	326	52	6	38	6	49
LPd_3__1376	0	1	65	0	0	1	20	1
LPd_3__1382	15	20	2104	5515	0	290	0	142
LPd_3__1386	201	62	5494	230	507	20	0	0
LPd_3__1403	1152	25	704	64	33	108	0	184
LPd_3__1410	70494	3317	46806	30598	5269	19210	3288	10719
LPd_3__1419	106	1	85	46	0	0	0	23
LPd_3__1427	13195	37	55444	12588	57	671	13	32
LPd_3__1439	0	0	428	0	0	0	3	2
LPd_3__1457	34	19	120	30	19	29	1	16
LPd_3__1461	3064	0	363	5	0	0	15	0
LPd_3__1467	65	2	216	51	2	336	0	0
LPd_3__1474	0	0	95	0	0	0	0	0
LPd_3__1476	43	8	126	50	0	45	7	34
LPd_3__1496	826	243	1690	397	57	314	340	304
LPd_3__1497	192	0	702	58	19	8	4	22
LPd_3__1502	1463	101	215	354	108	12	7	266
LPd_3__1508	37	13	331	350	5	314	58	485
LPd_3__1529	593	1	1117	1386	2	0	0	26
LPd_3__1563	0	0	2395	19	0	36	0	9
LPd_3__1569	46	2	659	344	3	4	0	15
LPd_3__1573	5	2	414	210	0	0	1	36
LPd_3__1598	1	2	570	918	0	33	0	53
LPd_3__1607	65	0	193	222	53	0	0	0
LPd_3__161	5928	1315	89321	4805	76	3517	332	241023
LPd_3__1619	1321	39	886	889	153	68	1	7
LPd_3__1620	0	4	55	1	0	18	0	6
LPd_3__1622	11	0	115	0	0	0	0	0
LPd_3__1633	5009	1	6876	4979	81	3	3	189
LPd_3__164	0	0	58	0	0	0	0	0
LPd_3__1640	86	7	103	28	16	27	14	27
LPd_3__1644	49	0	72	7	0	19	0	12
LPd_3__1656	0	0	19341	695	9	108	49	1245
LPd_3__1659	0	2269	330	8	0	7772	0	160
LPd_3__1660	2	0	104	21	0	0	0	11
LPd_3__1668	23	0	164	0	0	0	0	0
LPd_3__1669	5	7	115	130	0	59	7	118
LPd_3__1673	4	272	192	21	9	235	0	36
LPd_3__1680	15	23	205	38	1	31	7	2
LPd_3__1684	92	0	229	22	0	25	0	11
LPd_3__1697	0	0	99	0	0	0	0	1
LPd_3__170	0	0	57	5	0	33	0	7
LPd_3__1708	0	86	130	0	0	109	0	34
LPd_3__1721	540	0	494	234	11	0	0	0
LPd_3__1726	2	14	121	143	0	21	75	69
LPd_3__1737	1	42436	1974	18	3	3239150	55152	56028
LPd_3__1758	0	16599	1326	956	0	5353	74	88392
LPd_3__1760	0	0	90	0	0	0	0	0
LPd_3__1774	28	28	622	31	0	41	2	67
LPd_3__1800	362	30	1176	1361	1	100	0	311
LPd_3__1811	7	24	65	9	5	0	13	4
LPd_3__1816	244	0	1202	9	283	0	0	2
LPd_3__1821	10770	2428	165011	8868	110	6277	471	451085
LPd_3__1822	0	763	74	0	0	153	73	353
LPd_3__1840	12	46	683	4	0	79	9	4
LPd_3__1858	301	10	140	41	2	7	1	0
LPd_3__189	70	0	83	46	1	0	0	18
LPd_3__1902	209	57	324	302	0	53	0	57
LPd_3__1913	59	41	108	19	13	18	1	11
LPd_3__193	0	8	182	128	2	8	269	75
LPd_3__1930	214	31	269	18	0	37	1	8
LPd_3__1937	0	4	1738	0	0	0	0	0
LPd_3__1940	33	33	1353	3	0	91	281	195
LPd_3__1943	0	4944	526	0	0	7104	0	119
LPd_3__195	0	0	80	0	0	0	0	0
LPd_3__1957	4	269	2039	362	5	153	1	542
LPd_3__1977	34	182	293	128	0	189	790	45
LPd_3__199	20	737	2740	1801	2	558	52	309
LPd_3__1996	6	3	74	22	1	35	0	10
LPd_3__2004	3591	1	1401	77	3	0	0	0
LPd_3__201	0	0	130	7	0	3	0	0
LPd_3__2011	0	0	31	97	0	1	0	18
LPd_3__2015	850	139	2253	354	8	313	80	461
LPd_3__2018	0	0	145	23	0	0	0	0
LPd_3__2034	1019	291	1055	518	127	5798	1650	140
LPd_3__2049	0	136	1263	436	4	432	27	118
LPd_3__2053	0	0	151	0	0	0	0	0
LPd_3__2057	0	12	529	18	5	124	0	58
LPd_3__207	14	25	330	106	5	52	259	144
LPd_3__2077	0	169	34521	1559	0	788	9	504
LPd_3__2079	806	0	520	40	26	0	0	2
LPd_3__209	4	0	141	23	0	20	1	6
LPd_3__2095	211	19	219	101	0	1463	28	4455
LPd_3__2098	136	0	481	12	0	0	0	4
LPd_3__2102	5	2	337	80	8	0	0	32
LPd_3__2116	49	41	299	7	6	0	0	121
LPd_3__2119	2507	0	46736	2332	150	0	0	19
LPd_3__2126	4	0	78	37	0	0	0	0
LPd_3__2128	0	1360	2255	12	15	0	0	0
LPd_3__2130	0	0	46	166	0	0	0	1
LPd_3__215	0	3	237	5	0	21	0	22
LPd_3__2155	1436	0	135	241	70	0	0	0
LPd_3__216	0	0	80	0	0	0	0	0
LPd_3__2173	325	0	561	156	0	28	0	17
LPd_3__218	0	0	161	1	0	10	0	0
LPd_3__2184	46	4	887	76	0	300	4	39
LPd_3__2186	0	446	65	0	0	14	157	872
LPd_3__2187	14	0	50	14	0	0	0	0
LPd_3__219	535	25	479	91	0	3152	6	1091
LPd_3__2196	69	0	131	5	0	3	1	0
LPd_3__2229	36	12980	3015	37	4	2	5	13
LPd_3__223	12	23	1840	83	0	115	2	22
LPd_3__2244	95	138	2906	289	6	232	53	1616
LPd_3__2250	2	1	268	6	1	20	7	9
LPd_3__2251	85	7	105	60	0	23	0	0
LPd_3__2252	2	3	607	2	0	37	0	44
LPd_3__2254	0	0	97	0	47	185	0	0
LPd_3__2264	1	0	174	81	0	21	0	8
LPd_3__2265	0	0	215	29	0	0	0	0
LPd_3__2273	2	154	69	0	0	5211	0	54
LPd_3__2301	7	0	120	69	0	6	0	17
LPd_3__2304	12	11	64	19	2	4	0	2
LPd_3__2311	0	1	771	4	0	0	0	2
LPd_3__2319	1823	8	6921	1324	10	153	0	4
LPd_3__2320	0	0	66	0	0	1	0	5
LPd_3__2325	0	0	363	0	0	0	0	0
LPd_3__2335	677	0	226	24	98	648	9	20
LPd_3__234	84	9	1247	368	2	406	1	12
LPd_3__2347	5950	640	529	0	94	52	0	56
LPd_3__235	29	8	1026	81	2	15	0	4
LPd_3__2377	106	21	372	42	0	2600	75	1099
LPd_3__2392	139	0	111	255	0	0	0	0
LPd_3__2403	113	28	158	99	0	71	7	23
LPd_3__2427	231	42	1216	65	1	14	26	3595
LPd_3__2447	0	0	2529	297	0	0	0	0
LPd_3__2456	0	2	95	110	0	4	1	25
LPd_3__2459	5216	2	14210	1415	36	1	0	2
LPd_3__2460	541	0	149	24	0	0	0	1
LPd_3__2475	121	203	4972	723	17	437	62	1364
LPd_3__2481	2	15	50	22	0	0	81	36
LPd_3__2487	0	8	320	0	0	37	13	2
LPd_3__2502	358	3	296	131	40	60	0	66
LPd_3__251	21	1	3991	156	111	6	0	2
LPd_3__2524	0	754	24	31	0	61	1	169
LPd_3__2533	0	11	203	0	0	0	0	0
LPd_3__2534	38	0	353	318	1	0	0	24
LPd_3__2535	0	2	65	0	0	0	0	1
LPd_3__2538	3453	11	4512	1389	3	23	4	174
LPd_3__2541	12	140	1168	161	7	91	0	787
LPd_3__255	3	0	214	0	0	10	0	7
LPd_3__2554	263	51	1329	149	41	262	45	117
LPd_3__2555	0	0	566	0	0	0	0	0
LPd_3__2557	6	73	974	0	0	125	0	707
LPd_3__256	2	62	768	0	0	9	1	0
LPd_3__257	31	20	290	8	0	0	0	3
LPd_3__2579	0	0	56	0	0	0	0	9
LPd_3__2582	68	2	39	35	13	3	0	0
LPd_3__2583	5940	289	18603	4530	53	700	4	1927
LPd_3__2584	44	7	47	10	1	36	0	10
LPd_3__2597	271	8	1180	25	41	2795	12	13
LPd_3__2611	0	0	26	169	0	0	0	0
LPd_3__2620	12	0	111	7	1	6	2	295
LPd_3__2624	1010	0	581	1000	23	0	0	0
LPd_3__2645	0	5657	388	0	1	194	0	4517
LPd_3__2646	0	5	137	304	0	48	3	109
LPd_3__266	2604	0	769	3	0	0	0	0
LPd_3__2673	17	0	2180	52	0	0	0	0
LPd_3__2682	12	6	61	0	2	10	0	0
LPd_3__2701	1	0	809	0	0	11	0	0
LPd_3__2716	2	4	1522	8	0	13	0	9
LPd_3__2726	63	0	2991	46	6	19	3246	0
LPd_3__2734	6	0	67	0	0	0	0	0
LPd_3__2738	0	14	63	52	4	310	2	4
LPd_3__2740	3	0	59	26	0	17	0	29
LPd_3__276	180	0	2979	308	5	0	0	0
LPd_3__2764	58	0	25	0	0	0	0	0
LPd_3__2798	0	0	109	26	0	0	0	0
LPd_3__2824	24394	0	21446	8828	0	0	0	0
LPd_3__2830	0	0	111	63	0	0	0	0
LPd_3__2844	18	0	79	54	2	6	0	14
LPd_3__2845	1617	155	938	1039	18	119	1	25
LPd_3__285	751	0	10423	194	7	0	0	0
LPd_3__2850	71	8	256	0	0	3	10	5
LPd_3__2855	755	2	3479	394	423	70	0	2
LPd_3__286	7072	2	3687	1038	93	0	0	0
LPd_3__2863	0	1	29	65	1	38	0	37
LPd_3__2873	25	18	56	24	0	63	1	49
LPd_3__2886	247	14	169	40	1	23	30	41
LPd_3__2891	0	29	117	27	0	70	0	16
LPd_3__2906	521	66	281	30	0	106	32	278
LPd_3__2907	586	0	1188	89	0	1	0	110
LPd_3__2941	0	2	102	25	0	19	0	13
LPd_3__2960	8103	24	7302	10024	178	7	0	10
LPd_3__2967	2197	1	1607	2395	1737	0	0	0
LPd_3__2971	1155	7	9286	2440	326	18	25	61
LPd_3__2989	68	2	31	6	0	112	0	19
LPd_3__2997	0	1470	99	45	2	21	1	21
LPd_3__2998	18	11	12	59	1	14	1	0
LPd_3__3001	0	393	60	0	0	235	2	154
LPd_3__3010	0	46991	2194	43	0	14721	11	0
LPd_3__3011	149	126	77	16	4	0	342	971
LPd_3__3012	114	45	457	78	17	133	42	162
LPd_3__3014	237	8	172	20	28	1	0	16
LPd_3__3016	91	61	167	35	1	81	22	35
LPd_3__3025	26	13	782	218	0	456	2	82
LPd_3__3028	213	40	29	0	0	21	7	7
LPd_3__3030	635	16	9107	173	1	2	1	7
LPd_3__3042	8	52	538	611	39	125	36	16
LPd_3__3051	44	144	121	26	22	50	0	0
LPd_3__3056	34	0	129	62	0	33	0	30
LPd_3__3057	1715	1	6791	760	61	2	6	41
LPd_3__306	0	6	69	0	0	32	21	42
LPd_3__3061	1559	9	5549	242	217	73	0	1886
LPd_3__3064	387533	12470	190865	125908	48652	87862	16338	46984
LPd_3__3080	0	7	81	0	0	18	1	2
LPd_3__3084	10	8	273	1	0	8	0	3
LPd_3__3085	210	11	319	73	150	52	1	93
LPd_3__311	11	2	23	3	3	9	0	7
LPd_3__3112	343	201	1855	368	4	93	0	0
LPd_3__3114	125021	6207	85376	57366	12967	40040	10531	20839
LPd_3__3117	39	20	189	0	0	0	0	29
LPd_3__3119	0	20808	1298	2	1	206010	1283	784503
LPd_3__3147	843	0	4216	139	0	0	0	0
LPd_3__3152	594	98	259	7	1	1092	71	12030
LPd_3__3157	1	0	446	4	0	9	0	9
LPd_3__3160	160	1	53	89	59	209	6	4
LPd_3__3169	0	0	772	0	1	0	0	0
LPd_3__3180	30	0	48	339	0	6	0	0
LPd_3__3184	3674	11	11741	668	42	2	0	0
LPd_3__3204	0	0	84	0	0	0	0	0
LPd_3__3214	15	813	78	0	0	855	0	268
LPd_3__3217	3094	148	12383	232	3	129	9	208
LPd_3__323	2796	0	2652	548	204	0	5	0
LPd_3__3241	179	3	383	2176	25	25	2	0
LPd_3__3245	942	0	7138	1157	30	8	79	44
LPd_3__3248	28	0	139	8	0	0	0	0
LPd_3__3252	1	0	88	6	0	0	0	2
LPd_3__3260	59	130	3451	110	2	161	479	840
LPd_3__3268	696	45	2122	27	0	12	1	4
LPd_3__3292	0	0	280	151	0	0	0	0
LPd_3__3296	25	6	50	4	0	0	0	4
LPd_3__3322	0	0	166	23	0	0	0	0
LPd_3__3324	4181	107	3839	764	221	0	0	2
LPd_3__3333	0	1	130	8	0	10	28	33
LPd_3__3348	1025	158	740	23	4	5150	1616	6525
LPd_3__3359	0	0	10566	2	0	0	0	0
LPd_3__3363	5430	5	1776	715	10	6	13	7
LPd_3__3366	1	6	247	2438	1	124	10	503
LPd_3__3370	18	9	339	109	2	3	0	24
LPd_3__3373	109	17	243	99	0	112	3	44
LPd_3__3389	3767	5	1981	1958	162	13	0	11
LPd_3__3390	27	3	26	13	1	14	0	9
LPd_3__3395	5507	23	6044	5472	904	13	0	271
LPd_3__3396	18	44	757	81	0	1383	12	728
LPd_3__3414	371	91	2516	304	14	119	0	3
LPd_3__3434	62	0	250	53	4	44	0	41
LPd_3__3435	6	62	102	196	21	102	20	57
LPd_3__3436	5037	30	111	2	0	29	0	2
LPd_3__3453	19	18	160	50	8	816	7	30
LPd_3__3454	168	0	120	695	0	0	1	0
LPd_3__3468	18	29	721	73	0	145	0	216
LPd_3__3478	2	0	23494	465	44	88	0	1633
LPd_3__3499	1343	12706	1106	8695	0	533086	290	15503
LPd_3__3502	0	0	9038	0	0	780	34	0
LPd_3__3524	73	0	165	191	0	0	0	9
LPd_3__3579	15	1	252	86	0	88	10	16
LPd_3__3582	0	0	49	6	0	4	0	0
LPd_3__3585	0	1	297	10	0	1	19	27
LPd_3__3588	21	14	534	235	0	662	5	191
LPd_3__3598	107	256	4928	1291	12	4842	46	5128
LPd_3__3602	125	127493	7996	2633	0	46606	12902	231727
LPd_3__3604	42388	188	151188	36899	629	6189	17	161
LPd_3__3616	0	0	55	0	0	0	0	0
LPd_3__3618	202	1577	8650	19177	1	2442	1379	1008
LPd_3__3626	7	0	373	3	1	1	5	1
LPd_3__3630	130595	53	103917	8565	109	2	0	2
LPd_3__3634	1513	35	2506	42	2	66	5	59
LPd_3__3645	6	0	211	6	0	0	0	0
LPd_3__3651	19294	4	45545	86	1	0	0	0
LPd_3__3675	104	0	240	23	0	0	0	0
LPd_3__3682	42	4215	261	5054	10	114	2	218
LPd_3__3683	0	3	116	202	0	2	0	41
LPd_3__369	0	0	5227	0	0	0	0	0
LPd_3__3698	9	17	222	0	0	5	13	51
LPd_3__3708	66	0	33	22	0	1482	0	0
LPd_3__3721	0	8	129	2	0	0	7	19
LPd_3__3761	1	0	344	65	0	141	17	123
LPd_3__377	0	47	81	66	0	23	8	2
LPd_3__3784	0	0	56	7	0	0	0	0
LPd_3__3791	955	104	1899	54	2	76	15	128
LPd_3__3796	0	0	736	0	0	0	0	0
LPd_3__3828	1199	0	52	131	2	0	0	0
LPd_3__3848	600	0	170	108	34	0	0	0
LPd_3__3874	0	4	66	16	0	43	5	0
LPd_3__3881	0	2	131	38	0	3556	30	2037
LPd_3__389	14	0	631	104	290	2	0	0
LPd_3__3897	22	313	1586	386	11	126	8	559
LPd_3__3915	30	0	90	2	0	1	0	0
LPd_3__3917	10	2	130	138	2	2	0	0
LPd_3__3924	27	60	165	18	0	4	0	0
LPd_3__3934	2	15	105	51	0	25	1829	6
LPd_3__3938	0	0	60	6	0	23	0	32
LPd_3__3945	26088	16909	8117	12527	14	18215	545	6195
LPd_3__3956	550	111	165	45	5	246	100	207
LPd_3__3957	49	0	197	108	5	0	0	0
LPd_3__3961	17	8	646	110	0	20	2	74
LPd_3__3979	1293	1773	48624	3157	10420	4850	223	96884
LPd_3__3992	0	0	259	2	0	0	0	11
LPd_3__3998	205	20	181	30	4	32	5	83
LPd_3__4012	11	0	80	39	0	0	0	0
LPd_3__4017	11	0	53	18	2	16	0	1
LPd_3__4037	55	60	769	91	0	5444	33	4150
LPd_3__4043	569	426	760	12	5	0	10	242
LPd_3__4051	980	1	1835	22	0	0	0	0
LPd_3__4060	56	71	1946	316	60	106	41	28
LPd_3__4076	0	0	69	0	0	0	0	0
LPd_3__4080	39	75	473	593	39	249	1217	223
LPd_3__4085	0	6	176	24	1	13	2	4
LPd_3__4096	452	62	80	34	0	122	10	105
LPd_3__4100	284	106	3868	30	1	4	3	446
LPd_3__4109	0	0	90	0	0	0	0	0
LPd_3__411	15	0	105	4	0	0	0	0
LPd_3__4110	62520	278	1603	264	10	2480	324	3223
LPd_3__4127	0	2	87	0	2	2	7	26
LPd_3__413	88	0	192	4	0	0	0	0
LPd_3__4138	0	0	125	0	0	0	0	0
LPd_3__4163	266	0	1625	1271	68	4	0	6
LPd_3__4166	0	0	282	4	0	0	0	0
LPd_3__4174	0	0	127	57	0	0	0	0
LPd_3__4180	41	25	177	9	0	159	0	56
LPd_3__4194	16	0	99	1	0	0	0	0
LPd_3__4196	0	40	1011	21	1	8	0	100
LPd_3__4208	82	0	950	382	12	16	6	135
LPd_3__4216	143	0	2051	710	42	0	0	11
LPd_3__423	16612	4	58247	3716	898	0	0	4
LPd_3__4249	67	0	85	28	13	12	0	0
LPd_3__4255	0	0	63	38	0	0	0	5
LPd_3__4258	9	0	107	6	0	0	0	9
LPd_3__426	369	0	102	8	0	0	0	0
LPd_3__4262	0	0	68	0	0	0	0	0
LPd_3__4264	1	1	43	101	0	0	0	0
LPd_3__4265	0	0	110	0	0	1	0	20
LPd_3__4285	330	0	68	667	0	15	0	6
LPd_3__4295	12	11	131	2	0	240	7	101
LPd_3__4297	267	38	248	41	1	97	25	270
LPd_3__4321	68	21	107	14	2	40	19	118
LPd_3__4339	40	1	54	34	0	17	47	8
LPd_3__4342	1366	52	749	118	19	237	17	212
LPd_3__4357	0	0	82	0	0	0	0	0
LPd_3__4375	0	4	308	23	0	8	0	0
LPd_3__4387	97	2	17	49	0	42	2	6
LPd_3__4389	140	18	91	19	1	2524	245	1665
LPd_3__4392	4	1	226	9	0	2	0	7
LPd_3__4393	0	11	146	0	0	40	3	6
LPd_3__4409	2	5	53	105	4	0	0	0
LPd_3__4430	14	26	258	10	0	101	2	51
LPd_3__4449	4	9	94	11	0	26	33	43
LPd_3__4460	0	4	82	0	2	2	0	8
LPd_3__4477	17	0	194	7	0	0	0	0
LPd_3__448	248	17	386	82	14	42	70	150
LPd_3__4500	183	1	86	0	0	6	0	0
LPd_3__4506	7	358	5722	464	0	51	0	0
LPd_3__4508	2	8	525	355	1	487	0	347
LPd_3__4516	1	19	161	4	0	0	0	15
LPd_3__4530	6	0	284	0	0	0	0	0
LPd_3__4569	0	0	1964	0	0	1	1	0
LPd_3__4570	3	114	26	13	0	123	0	18
LPd_3__458	70	196934	21896	3217	0	796008	8244	266147
LPd_3__4585	0	0	91	0	0	0	0	0
LPd_3__4602	393	1	1588	161	9	26	221	17
LPd_3__4631	0	0	129	0	0	0	0	7
LPd_3__4649	0	2	327	169	1	154	2	45
LPd_3__4651	0	517	140	0	0	3	0	0
LPd_3__4658	231	62	298	21	1	107	0	1
LPd_3__4663	0	44	49	1	0	36	4	0
LPd_3__4686	32	33	113	3	0	80	2	14
LPd_3__4696	41	0	169	2	0	2	20	0
LPd_3__4698	4	3	89	2	3	0	0	0
LPd_3__470	0	33	329	5	0	12	4	2
LPd_3__4707	99	13	79	12	0	12	0	0
LPd_3__4716	94	61	296	57	0	64	7	11
LPd_3__4719	8	4	93	16	1	3	15	12
LPd_3__4723	0	1	86	0	0	9	0	13
LPd_3__4724	0	42	90	1	0	65	30	0
LPd_3__4728	40	0	162	36	1	9	11	6
LPd_3__4733	13	6	115	85	4	518	1	27
LPd_3__4735	171	41	456	89	0	444	0	160
LPd_3__4761	0	3	148	16	0	0	0	12
LPd_3__4763	20	12	578	10	0	69	0	87
LPd_3__4766	14	30	232	32	0	13	4	40
LPd_3__4769	9	0	172	179	0	0	0	0
LPd_3__4771	6	83	643	18	228	159	1	26
LPd_3__4779	28	2	98	0	0	41	57	15
LPd_3__4790	3	5	157	7	36	32	0	5
LPd_3__4801	3	0	113	51	4	0	0	0
LPd_3__4822	6	42	288	159	0	3121	18	2171
LPd_3__4824	27	0	967	460	0	12	2	978
LPd_3__4825	100	16	15	11	2	46	1	4
LPd_3__4850	0	0	44	146	0	27	0	0
LPd_3__4869	597	21	615	44	39	526	2	111
LPd_3__4880	0	7	69	27	0	4	0	0
LPd_3__4902	73	71	292	78	0	77	28	130
LPd_3__4936	98	0	167	96	0	4	0	4
LPd_3__4944	0	0	103	2	0	1	0	0
LPd_3__4946	37	0	493	8	0	0	0	0
LPd_3__495	0	3924	135	61	0	1676	29	1139
LPd_3__4952	130	2	77	10	4	14	1	10
LPd_3__4956	0	27	9	12	0	382	8	39
LPd_3__496	72	0	189	3	0	2	0	5
LPd_3__4962	140	4	32	96	1	38	0	3
LPd_3__4963	0	79	60	0	2	7	0	3
LPd_3__498	12	2	151	63	0	17	27	55
LPd_3__4983	32	20	271	117	15	103	3	4
LPd_3__4985	0	0	145	3	0	0	0	0
LPd_3__4988	0	3830	257	30	0	7	3	11
LPd_3__50	0	0	53	0	0	0	0	0
LPd_3__5007	0	1	39	5	0	1	0	0
LPd_3__5011	27	6	773	22	19	0	2	4
LPd_3__5013	275	20	1025	224	0	1075	36	183
LPd_3__5067	3	0	102	89	0	0	0	0
LPd_3__5070	47	0	528	476	14	2	0	6
LPd_3__5075	1019	8	133	29	82	44	15	12
LPd_3__5082	0	0	2673	0	0	0	0	0
LPd_3__5088	75	8	80	12	20	332	0	0
LPd_3__509	155	4	1145	69	29	1284	110	21
LPd_3__5098	7	0	57	32	0	3	0	1
LPd_3__5100	0	1174	189	2	0	63	330	1793
LPd_3__512	55	28	482	18	0	2	33	4
LPd_3__5127	193	0	627	13	0	0	0	0
LPd_3__5129	28	793	85	34	1	1899	77	334
LPd_3__513	34	1	213	6	3	0	1	2
LPd_3__5140	46	92	1315	80	2	547	16	227
LPd_3__5148	2	29	31	8	0	18	0	37
LPd_3__5152	0	47502	5384	1805	0	303	6896	5463
LPd_3__5157	3	4	36	0	110	2	369	8
LPd_3__5163	25	74	285	30	0	8	2	15
LPd_3__5168	7	0	116	44	0	10	0	6
LPd_3__5173	36	5	64	0	14	423	0	0
LPd_3__5183	73	1	408	196	4	7	0	69
LPd_3__5184	0	0	340	0	0	0	0	0
LPd_3__5189	0	12	83	0	0	5	4	3
LPd_3__5208	0	14	165	0	0	8	1	17
LPd_3__5211	0	1	141	7	0	29	0	6
LPd_3__5214	0	1	476	1	0	0	0	0
LPd_3__5226	1920	44	2635	1996	22	1312	1	54
LPd_3__5246	884	0	1313	1449	97	0	6	12
LPd_3__5251	1304	1	4271	133	35	0	0	2
LPd_3__5268	2	12	337	52	12	84	2	40
LPd_3__5290	2166	1	27	1	0	0	0	2
LPd_3__5297	0	1	280	40	1	10	0	14
LPd_3__5306	549	0	1323	74	31	0	0	0
LPd_3__5308	0	9	197	10	1	611	0	193
LPd_3__5325	196	15	124	62	0	47	1	65
LPd_3__5337	2	2	90	6	0	0	204	0
LPd_3__5340	2	5	109	16	2	17	0	1
LPd_3__5348	9	0	7760	8	6	0	0	0
LPd_3__5354	0	8	386	26	1	14	0	25
LPd_3__5373	0	52	62	0	0	153	57	822
LPd_3__5386	0	0	62	2	0	41	19	17
LPd_3__5389	0	0	180	0	14	2	0	8
LPd_3__5403	4	0	226	25	0	0	0	0
LPd_3__5414	13	27	83	151	0	19	102	42
LPd_3__5416	0	0	106	84	0	0	0	0
LPd_3__542	0	0	75	0	0	0	0	0
LPd_3__5425	0	15	76	38	0	605	0	15
LPd_3__5433	7025	2	845	103	81	0	0	1
LPd_3__5471	625	15	56	0	0	77	1	4
LPd_3__5483	7984	0	8827	38	71	36	0	0
LPd_3__549	4	9	681	3	0	17	0	85
LPd_3__5500	0	0	117	0	0	0	0	0
LPd_3__551	136	3	2023	307	0	50	253	64
LPd_3__5513	0	0	239	0	0	0	0	0
LPd_3__5545	39	24	146	55	9	12	5	6
LPd_3__5550	11	2	465	84	0	66	0	185
LPd_3__5562	0	889	95	1	0	14751	39	226
LPd_3__561	2182	14	3150	1671	71	14	2	94
LPd_3__5610	163	12	129	47	11	276	0	46
LPd_3__5619	20	2116	2260	1775	0	1040	0	1666
LPd_3__5624	0	0	39	0	0	2	0	22
LPd_3__5637	56	45	236	61	0	53	55	90
LPd_3__5653	0	0	59	4	0	0	0	0
LPd_3__5656	0	9	68	3	0	32	0	1
LPd_3__567	2	1	46	54	0	1	2	3
LPd_3__568	67	12	34	6	22	39	0	18
LPd_3__5700	13	11	84	60	0	18	146	2
LPd_3__5702	142	101	1004	127	52	95	26	336
LPd_3__5705	0	134	27	2	0	6	0	0
LPd_3__5739	0	0	191	0	0	0	1	0
LPd_3__5765	714	134	235	10	2	0	189	3186
LPd_3__5780	42	1	597	446	0	220	1	33
LPd_3__5787	12	0	289	2	0	0	0	0
LPd_3__5804	0	0	53	0	0	0	0	0
LPd_3__5805	3181	204	65	39	0	4	0	0
LPd_3__5807	8583	0	2916	1184	177	0	0	1
LPd_3__582	17	116	276	10	0	66	0	29
LPd_3__5831	0	0	79	2	0	1	1	0
LPd_3__584	66	5	197	0	0	34	10	40
LPd_3__5872	0	7	42	2	0	8	0	30
LPd_3__5898	0	0	130	4	0	69	0	74
LPd_3__5907	0	0	101	0	0	1	0	0
LPd_3__5909	270	28	143	41	0	675	0	110
LPd_3__591	0	13	70	0	0	6	0	0
LPd_3__5924	0	1316	65	0	0	17	0	0
LPd_3__5925	5	0	154	1	0	0	0	0
LPd_3__593	47	52	115	0	1	90	2	19
LPd_3__5935	4	7	32	14	0	3	2	32
LPd_3__5947	0	0	62	9	0	14	0	0
LPd_3__595	0	13	63	0	0	3324	13	1937
LPd_3__5970	2056	19	1324	2550	204	313	204	38
LPd_3__5971	0	18	72	3	0	5	0	0
LPd_3__5972	4	16	148	32	11	65	0	5
LPd_3__5973	13832	455	6704	4411	939	2934	560	1569
LPd_3__5976	34	0	188	0	0	0	0	0
LPd_3__598	65	7	22	5	25	12	0	5
LPd_3__5985	12	1816	62	31	1	102	71	728
LPd_3__5997	642	0	478	312	5	0	0	0
LPd_3__5998	237	24	397	175	31	56	38	50
LPd_3__5999	37	30	95	71	19	8	3	17
LPd_3__6007	0	43	91	4	26	61	1	6
LPd_3__6008	0	0	260	15	0	3	0	0
LPd_3__6026	67	4	92	23	20	20	0	36
LPd_3__6040	3241	6	3626	4255	23	0	0	4
LPd_3__6048	5	0	87	19	0	9	0	1
LPd_3__6051	47	4	934	88	0	112	2	35
LPd_3__6061	27	4	342	109	21	32	5	82
LPd_3__6067	138	12	99	10	0	57	23	35
LPd_3__6072	45	2	30	18	0	26	3	2
LPd_3__6078	33	797	75	2	0	1004	43	567
LPd_3__6080	0	0	103	9	0	0	0	0
LPd_3__6106	34	12	78	0	4	104	40	0
LPd_3__6111	0	0	150	0	0	0	0	0
LPd_3__6114	170	0	64	6	2	0	0	0
LPd_3__6125	215	46	2355	258	30	304	27	1723
LPd_3__6126	0	0	111	5	0	0	0	0
LPd_3__6138	10	1	32	4	21	79	0	2
LPd_3__6163	11	0	72	54	0	3	0	4
LPd_3__6165	0	0	48	0	0	6	0	9
LPd_3__6177	3	42	18	0	3	188	40	85
LPd_3__6181	80	0	42	1	0	0	25	0
LPd_3__6185	0	2	199	40	0	5	0	8
LPd_3__622	356	1228	869	313	2	1048	131	16
LPd_3__6237	84	46	217	136	0	82	15	17
LPd_3__629	29	114	93	35	5	2	0	6
LPd_3__6297	67	526	345	168	1	4186	1584	1146
LPd_3__6317	7086	326	33436	1874	0	88	20	142
LPd_3__6318	14	32	119	62	2	30	24	42
LPd_3__6319	66	200	281	63	1	37	15	27
LPd_3__6320	15	0	123	4	0	0	0	0
LPd_3__6334	10	0	423	171	0	18	1	37
LPd_3__6338	369	240	470	370	24	22	33	219
LPd_3__6348	0	0	143	74	0	0	0	0
LPd_3__6351	592	119	13908	640	50	525	141	62
LPd_3__6357	147	0	892	197	4	0	0	0
LPd_3__6359	107	2	38	5	0	1	1	0
LPd_3__6365	1125	74	366	317	3	195	0	176
LPd_3__6366	3669	236	6365	157	5	259	11	321
LPd_3__6376	294	0	481	720	6	0	0	8
LPd_3__6393	60	10	100	23	4	16	4	7
LPd_3__6402	2290	0	1029	390	16	0	0	0
LPd_3__6441	33335	31	1085	160	0	109	0	5
LPd_3__6471	39771	2249	25978	20950	5945	13110	4506	6243
LPd_3__6491	6601	5	255	4	0	67	0	0
LPd_3__6499	2	14	212	183	1	15	402	196
LPd_3__65	15	3	289	32	0	3	6	60
LPd_3__6539	182	17	209	48	0	831	146	386
LPd_3__654	120	11	319	65	0	276	0	86
LPd_3__6550	369	57	90	0	0	45	22	39
LPd_3__6568	748	4	744	3	0	0	0	0
LPd_3__6569	0	0	49	0	0	0	0	0
LPd_3__6576	13	33	170	3	0	16	7	173
LPd_3__66	0	6	117	0	0	22	0	1
LPd_3__6615	0	1	158	0	5	7	0	14
LPd_3__6617	106	0	76	6	6	0	0	0
LPd_3__6618	3	68	128	157	0	112	2	11
LPd_3__6619	981	120	2815	344	21	8678	57	5998
LPd_3__6636	227	0	29	26	0	0	0	0
LPd_3__6637	63	0	129	9	6	8	0	0
LPd_3__6656	96	0	207	148	0	0	6	3
LPd_3__6658	681	0	61	0	0	0	0	0
LPd_3__6659	3	3	40	0	0	1	1	1
LPd_3__6666	177	89	243	17	8	168	19	29
LPd_3__6691	6	0	489	0	0	3	0	0
LPd_3__6692	0	0	271	6	0	38	2	139
LPd_3__67	0	10	58	0	0	22	0	0
LPd_3__6706	0	0	140	4	0	0	0	2
LPd_3__6709	33	0	1738	319	0	0	0	10
LPd_3__6712	31	41	1461	265	188	0	2	76
LPd_3__6724	80	0	149	9	0	0	7	0
LPd_3__6725	76	9	369	38	2	520	1	2
LPd_3__6734	100781	4667	55363	47175	10745	23603	6307	13886
LPd_3__6738	304	2	747	0	0	0	0	0
LPd_3__6750	197	20	228	925	1	25	1	52
LPd_3__6756	955	134	266	80	2	324	360	110
LPd_3__6763	13194	616	7323	6395	865	2956	695	1715
LPd_3__6768	2	0	91	1	0	0	0	0
LPd_3__6779	0	389	293	5	0	16550	6	94
LPd_3__6784	40	9	306	24	0	83	18	85
LPd_3__679	0	1	81	46	2	42	0	101
LPd_3__6793	0	0	81	7	0	12	0	44
LPd_3__6802	69	6	66	12	9	141	0	25
LPd_3__6812	255	5	4896	640	345	105	18	40
LPd_3__6816	0	0	80	0	0	0	0	0
LPd_3__6838	399	21	308	1458	2	40	0	428
LPd_3__6843	0	34	85	33	0	0	0	42
LPd_3__6854	136	5	56	9	16	49	0	5
LPd_3__6866	39	123	375	108	0	103	413	58
LPd_3__6867	98	43	534	722	10	30	1045	353
LPd_3__6878	56	36	1517	815	13	1149	3	1149
LPd_3__688	1001	0	2792	247	2	0	0	0
LPd_3__6880	134	0	323	161	0	0	0	0
LPd_3__6883	0	1271	105	126	0	13	1500	5
LPd_3__6895	0	6	604	14	0	24	0	52
LPd_3__6898	23	0	654	16	11	3	0	3
LPd_3__6930	14	215	207	207	0	10946	212	3782
LPd_3__6933	2	2	125	8	0	0	0	0
LPd_3__6934	0	0	170	19	1	0	0	0
LPd_3__6954	360	50	386	133	88	194	0	17
LPd_3__6965	8	0	54	7	0	0	0	0
LPd_3__697	39	47	228	172	3	28	0	12
LPd_3__6979	8	36	173	102	8	19	0	33
LPd_3__7003	8	12	739	97	1	113	6	85
LPd_3__7008	1168	1065	28493	5395	31	2	0	5
LPd_3__7033	0	0	474	20	0	38	2	0
LPd_3__7034	21	11	1859	558	1	13	0	0
LPd_3__7035	127	0	155	50	0	0	0	0
LPd_3__7047	17	22	919	10	33	0	0	0
LPd_3__7049	0	9	60	6	0	7	2	4
LPd_3__7051	4467	0	1153	550	14	0	4	0
LPd_3__7059	53	0	54	20	4	0	0	0
LPd_3__7098	22	12	585	0	0	0	0	28
LPd_3__7099	368	2150	202	2635	2	73573	782	3573
LPd_3__71	21	82	109	4	3	12	14	5
LPd_3__7103	0	0	295	60	0	28	9	2
LPd_3__7106	144	18	287	341	3	205	1	133
LPd_3__7108	8	16	301	40	1	48	22	86
LPd_3__7140	8	0	109	5	29	19	0	32
LPd_3__7143	9	4	113	24	0	0	0	6
LPd_3__7150	0	0	15357	105	1	44	0	815
LPd_3__7152	60	15	88	34	46	342	155	53
LPd_3__716	17	2	32	8	1	61	0	4
LPd_3__7165	2	15	578	15	0	1	0	2
LPd_3__7171	706	0	132	150	13	9	0	15
LPd_3__7182	25	7	73	24	0	8	0	0
LPd_3__7195	0	0	159	0	0	0	1	0
LPd_3__7212	55	49	946	174	34	994	30	22
LPd_3__7214	26	6	29	7	0	129	0	4
LPd_3__7219	52	2	36	2	0	104	0	12
LPd_3__7223	2	1	320	23	0	115	50	13
LPd_3__7230	41	0	125	39	19	66	16	2
LPd_3__7236	0	0	110	0	0	0	0	0
LPd_3__7237	2	0	131	13	8	6	16	17
LPd_3__7251	138	0	344	10	0	1	1	0
LPd_3__7258	99724	3628	52893	38770	15917	20997	5174	11914
LPd_3__726	80166	3646	45485	30984	5587	20991	5344	10659
LPd_3__7261	0	79	314	54	0	40	226	10
LPd_3__7264	0	2	106	0	0	101	0	0
LPd_3__7277	20	6	80	0	2	25	0	55
LPd_3__7281	18	38	33	13	0	47	33	35
LPd_3__7285	0	0	136	0	0	0	0	0
LPd_3__7291	0	0	56	46	0	6	0	10
LPd_3__7296	69	0	43	0	9	0	0	0
LPd_3__7310	109	2	278	93	1	40	6	16
LPd_3__732	41	6	1492	47	0	7	5	9
LPd_3__7321	4	6	105	7	0	12	92	4388
LPd_3__733	968	182	1584	253	152	63	7	22
LPd_3__7335	42	26	144	27	0	27	2	33
LPd_3__7341	48	0	133	13	0	0	0	0
LPd_3__7346	2	0	60	34	0	0	0	0
LPd_3__7363	0	44	109	13	0	9	42	3
LPd_3__7365	4	0	91	0	0	21	0	0
LPd_3__7373	1068	6	46220	1224	2	243	11	89
LPd_3__7381	11	0	5344	4209	16	2	0	494
LPd_3__7411	12	35	155	37	0	2595	8	1747
LPd_3__7423	0	59	52	4	0	192	11	60
LPd_3__743	10	2	420	0	0	19	0	76
LPd_3__7437	207	57	155	36	0	0	2	0
LPd_3__744	331	0	349	32	7	0	0	0
LPd_3__745	8	23	205	20	23	565	1	72
LPd_3__7450	109	2	82	322	0	32	0	9
LPd_3__7455	39	15	615	27	0	101	3	95
LPd_3__746	3	5	150	17	15	111	7	26
LPd_3__7462	3	0	120	16	2	0	0	0
LPd_3__747	1135	5	39	9	0	9	9	23
LPd_3__7481	1	0	147	0	0	0	0	0
LPd_3__7483	19	0	52	93	0	0	0	8
LPd_3__7496	291	2	1568	50	0	0	0	0
LPd_3__7497	0	9	410	3	0	0	0	64
LPd_3__751	39	0	184	92	0	2	1	0
LPd_3__7519	2713	41	4517	971	216	993	97	174
LPd_3__752	14566	9	12982	15727	4168	4	434	11
LPd_3__7530	0	0	130	0	0	0	0	0
LPd_3__7537	445	11	894	256	9	46	35	78
LPd_3__754	14	11	600	50	0	162	0	52
LPd_3__7553	30	25	644	33	0	657	39	680
LPd_3__7558	2	0	157	0	0	2	0	0
LPd_3__7561	0	0	93	0	0	0	0	0
LPd_3__7572	41	0	1043	170	0	2	0	0
LPd_3__7587	216	90	8313	265	10	126	253	1076
LPd_3__7592	47	0	59	15	1	0	0	0
LPd_3__7598	51	17	44	35	5	0	91	83
LPd_3__7613	65	0	94	9	0	7	93	5
LPd_3__762	15	10	1349	628	4	0	0	2
LPd_3__7624	55	12	284	27	9	165	0	0
LPd_3__7630	21	0	1124	6	0	29	4381	0
LPd_3__7632	12	0	574	124	17	0	2	0
LPd_3__7657	0	2	162	0	0	27	2	41
LPd_3__767	27334	384	221192	29187	165	5552	16	168
LPd_3__768	7367	166	40722	6810	73	2144	6	45
LPd_3__7681	0	0	61	0	0	0	2	0
LPd_3__7684	1148	32	1015	5930	18	85	1	962
LPd_3__7687	0	0	120	3	0	34	8	0
LPd_3__769	174	4	9640	46	0	37	30	344
LPd_3__7694	0	2	144	0	0	0	0	3
LPd_3__7706	2	0	536	1	0	3	0	0
LPd_3__7734	472	211	275	21	1	0	0	124
LPd_3__7756	1708	0	949	147	17	0	0	0
LPd_3__7757	11	2	154	41	3	16	49	19
LPd_3__7790	31	321	570	69	1	63	0	21
LPd_3__7799	29	226	65	7	23	680	76	1450
LPd_3__7803	145	49	2966	433	343	26	315	56
LPd_3__7832	126	0	262	42	0	14	10	26
LPd_3__7849	0	7	158	40	2	2	8	3
LPd_3__7851	45	1	97	0	2	355	1	0
LPd_3__7854	747	86	1395	2820	28	227	2	13
LPd_3__7863	133	17	357	88	0	93	17	15
LPd_3__7864	0	1	113	0	0	0	0	0
LPd_3__7870	520	28	2792	715	80	577	103	46
LPd_3__7882	1707	89	3114	109	4	94	0	122
LPd_3__7885	50	7	107	28	0	2	0	2
LPd_3__7886	122	0	55	12	0	0	2	0
LPd_3__7887	0	18	39	197	2	9	2	22
LPd_3__7888	256	199	222	10	2	0	3	62
LPd_3__7907	0	0	2035	47	2	173	0	0
LPd_3__791	0	421	24	20	0	326	2	68
LPd_3__7920	33	0	49	2	3	0	0	0
LPd_3__7922	0	0	83	0	0	0	0	0
LPd_3__793	69	21	38	0	0	37	24	10
LPd_3__7960	41	11	183	0	0	0	0	0
LPd_3__7968	329	14	84	33	0	66	0	34
LPd_3__7976	894	0	1934	423	46	4	0	13
LPd_3__7984	29	85	152	62	21	28	4	1
LPd_3__8006	0	0	139	4	0	0	0	0
LPd_3__8007	2	3	320	100	0	7	6	22
LPd_3__8009	3	5	174	10	0	37	8	2
LPd_3__8011	0	0	231	0	0	0	0	0
LPd_3__8017	0	0	68	0	0	1	0	3
LPd_3__8042	3532	309	1131	207	28	800	292	4460
LPd_3__807	168	10	3452	92	15	463	0	6
LPd_3__8086	2	0	51	4	0	3	0	0
LPd_3__8097	5	0	74	33	0	0	0	2
LPd_3__8104	53	0	109	7	0	1	21	2
LPd_3__8108	7	0	74	76	0	8	0	0
LPd_3__8119	24	339	133	63	1	331	21	269
LPd_3__812	39	37	1308	144	35	773	203	15
LPd_3__8136	0	0	29	67	0	0	0	0
LPd_3__8148	0	0	64	55	11	0	0	0
LPd_3__816	0	1	63	0	0	0	1	1
LPd_3__8187	2	1	501	0	0	0	0	15
LPd_3__819	16678	5	12390	41777	1491	0	0	51
LPd_3__820	37	16	36	0	0	20	0	2
LPd_3__8200	4	11	181	111	14	160	0	43
LPd_3__8206	29	174	2660	895	38	390	8	1078
LPd_3__8224	6	0	68	0	0	6	10	3
LPd_3__8245	104	0	1535	18	0	0	0	0
LPd_3__8269	21	12	148	53	2	504	13	25
LPd_3__828	0	5	846	4	0	2	0	29
LPd_3__8293	0	0	56	0	0	0	0	0
LPd_3__8294	0	2	1902	11	0	56	10	0
LPd_3__8301	12	0	1302	0	0	0	0	0
LPd_3__8315	44	11	71	6	0	23	0	17
LPd_3__8317	11	17	33	57	0	16	2	6
LPd_3__835	2662	232	1854	232	39	833	142	886
LPd_3__8374	659	66	340	54	0	249	421	196
LPd_3__8377	7	0	158	3	0	0	0	0
LPd_3__8400	103	0	1244	84	89	2	0	2
LPd_3__8412	0	0	139	5	0	0	0	0
LPd_3__8442	5844	0	2135	1587	30	4	0	0
LPd_3__8457	19	9	58	4	0	0	0	16
LPd_3__8466	63	0	61	147	20	0	0	2
LPd_3__847	361	119	3360	503	131	2037	79	51
LPd_3__8495	41	0	186	48	0	14	0	0
LPd_3__8505	0	0	223	0	0	3	0	28
LPd_3__8506	1150	406	870	48	7	0	2	206
LPd_3__8518	13	0	131	1	0	0	0	0
LPd_3__8522	0	492	49	8	0	8539	24	1325
LPd_3__8524	93	3	1149	522	4	22	0	204
LPd_3__856	2197	32	487	2389	88	243	0	2
LPd_3__8561	86	6	116	743	0	10	0	102
LPd_3__8566	26	5	231	33	0	1	0	0
LPd_3__8570	0	7	96	3	0	748	2	167
LPd_3__8579	61	1	73	269	4	3	2	1
LPd_3__8583	2	0	73	47	2	0	0	0
LPd_3__8615	0	0	61	121	0	2	9	0
LPd_3__8625	30	9	150	0	0	55	0	11
LPd_3__8626	145	60	168	10	0	0	2	23
LPd_3__8653	19	0	96	4	0	8	22	1
LPd_3__8661	0	0	57	0	0	0	0	0
LPd_3__8666	41875	38	143662	97322	4936	102	5	194
LPd_3__8674	2519	0	901	0	0	0	0	0
LPd_3__8677	8	0	45	12	0	0	0	0
LPd_3__8691	1	19	170	6	0	93	0	0
LPd_3__8696	0	0	55	0	0	0	0	0
LPd_3__87	1	2947	1586	2	0	160370	21	146005
LPd_3__870	63	87	530	110	8	1695	44	996
LPd_3__8714	0	11	43	22	0	11	0	31
LPd_3__8720	16	410	1356	165	15	375	16	79
LPd_3__8724	49	0	344	15	0	0	0	0
LPd_3__8725	5	0	57	8	0	0	0	0
LPd_3__8730	36	28	93	31	3	38	4	10
LPd_3__8741	6	21	803	6880	0	248	40	589
LPd_3__8747	0	0	95	2	0	0	0	0
LPd_3__8752	0	5	56	0	0	0	0	40
LPd_3__8756	0	35	96	35	0	1	0	55
LPd_3__8757	4	2	85	6	2	7	0	5
LPd_3__8758	0	0	241	0	0	0	0	0
LPd_3__8768	1278	21	89	11	0	2	3	25
LPd_3__8785	54	337	54	63	1	1553	11	63
LPd_3__8792	200	0	63	21	0	0	0	0
LPd_3__8814	0	0	222	0	1	1	0	0
LPd_3__8815	244	84	7401	132	376	91	12	2
LPd_3__8818	25	1	161	23	51	299	1	2
LPd_3__8821	40	14	40	2	0	22	0	8
LPd_3__8838	41	6	182	0	0	4	0	6
LPd_3__8876	0	2	246	2	0	19	0	1
LPd_3__8911	0	0	67	15	0	10	0	0
LPd_3__8914	0	39	295	189	9	0	0	0
LPd_3__8917	0	790	97	0	0	1	0	2
LPd_3__8921	10	18	1497	207	44	19	2	9
LPd_3__8922	5221	6	16212	298	1	1	25	4
LPd_3__8935	0	0	55	0	2	0	0	0
LPd_3__8939	95	0	38	6	1	0	0	0
LPd_3__8959	0	0	44	51	1	0	0	1
LPd_3__896	0	4	66	0	0	4	2	9
LPd_3__8969	0	0	53	4	0	0	0	0
LPd_3__8990	0	0	42	0	0	12	0	4
LPd_3__8993	39	0	100	0	0	14	0	1
LPd_3__8994	0	0	79	0	0	1	0	19
LPd_3__8998	18	37	183	0	0	73	1	144
LPd_3__9006	9	1	94	0	0	2	0	21
LPd_3__9021	0	0	86	5	1	0	0	0
LPd_3__903	33	6	230	65	0	24	0	0
LPd_3__9032	20677	1135	18618	9405	1407	5244	273	4181
LPd_3__9035	125	44	173	2	0	35	11	8290
LPd_3__9046	0	14	699	2	0	136	7	14
LPd_3__9058	0	15	111	6	13	0	0	2
LPd_3__9067	3	45	367	21	0	26	0	12
LPd_3__9076	58	56	941	427	43	274	0	8
LPd_3__9084	3	23	60	31	4	704	2	6
LPd_3__9088	19	0	122	4	0	83	2	31
LPd_3__9098	604	0	89	29	0	0	0	0
LPd_3__9102	2	1	342	29	4	46	0	0
LPd_3__9109	4	0	166	46	1	33	0	5
LPd_3__9128	12	72	1474	144	0	95	81	439
LPd_3__9137	6	16	68	8	0	75	2	24
LPd_3__9144	242	37	63	2	0	8	40	3195
LPd_3__9146	4	6	71	14	0	11	0	4
LPd_3__9156	30	2	121	2	5	14	0	4
LPd_3__9170	3	6	223	0	0	54	0	17
LPd_3__9186	23	6	643	6	111	1	0	0
LPd_3__9199	29	0	76	54	0	10	0	5
LPd_3__9200	143	0	518	110	0	0	0	0
LPd_3__9211	0	0	52	15	0	0	0	0
LPd_3__9222	50	4710	59	10	39	948	25	2104
LPd_3__9224	35	23	97	55	3	26	0	30
LPd_3__9235	0	0	118	0	0	0	0	0
LPd_3__9274	6	643	2811	1423	0	333	0	506
LPd_3__9283	88	0	70	3	0	0	0	0
LPd_3__9297	1	0	126	0	0	0	0	0
LPd_3__9302	231	71	159	6	5	213	53	4228
LPd_3__9312	3	0	68	10	0	0	0	0
LPd_3__9334	3	41	156	24	0	3	24	13
LPd_3__934	23	0	35	27	0	0	0	0
LPd_3__9349	22	17	165	68	7	3	5	63
LPd_3__9353	6327	0	1409	469	38	0	0	0
LPd_3__9375	16	0	228	60	0	0	0	22
LPd_3__938	524	96	1446	145	49	386	36	156
LPd_3__9380	35	0	39	93	2	2	0	0
LPd_3__9382	0	0	165	1	0	6	0	0
LPd_3__9393	2	5	221	26	0	161	2	47
LPd_3__9401	7	5	72	0	0	5	3	35
LPd_3__941	1007	38	1207	50	0	688	70	168
LPd_3__9410	0	481	950	0	99	1204	0	0
LPd_3__9451	2	0	81	80	0	0	0	2
LPd_3__9458	0	6	118	0	0	0	0	5
LPd_3__9459	1534	0	1615	5474	1	0	0	80
LPd_3__9472	18	11	741	4	14	0	2	6
LPd_3__9474	0	12	83	2	0	60	0	25
LPd_3__9479	18	33	78	7	0	56	3	25
LPd_3__9482	50	2	144	32	5	23	85	19
LPd_3__950	1	10	156	0	0	0	0	0
LPd_3__9505	0	182	470	6	0	139	2	47
LPd_3__9527	0	72	98	0	0	1	4	2
LPd_3__954	13	0	2426	4	0	0	0	0
LPd_3__9540	0	0	240	0	0	9	0	0
LPd_3__9547	14	41	82	60	4	65	0	12
LPd_3__9566	50	0	269	1	0	3	1	2
LPd_3__9572	8555	0	13991	1370	88	0	0	0
LPd_3__9579	0	0	36	0	0	5	0	25
LPd_3__961	9	70	184	19	0	113	0	4
LPd_3__9612	199	1	515	488	4	13	26	45
LPd_3__9618	1	2	77	27	0	0	0	0
LPd_3__9622	17	0	72	75	0	0	0	18
LPd_3__9632	29	7	571	923	0	36	0	43
LPd_3__9633	984	8402	3480	142502	13	20	1353	42
LPd_3__9636	0	10	70	0	0	151	2	38
LPd_3__9648	0	0	59	23	0	0	0	0
LPd_3__9658	49	18	143	5	0	45	35	6791
LPd_3__967	300	1	53106	1034	759	24	4	52
LPd_3__9676	0	27	322	15	0	5	7	276
LPd_3__9737	212811	9656	127512	109071	32527	56177	12266	31347
LPd_3__9747	1041	12	412	56	62	228	0	31
LPd_3__9750	7	0	476	316	6	0	0	0
LPd_3__9752	21	1699	77	35	2	6028	40	1315
LPd_3__9778	2442	0	291	2	3	0	0	0
LPd_3__9789	37	33	125	21	0	32	10	21
LPd_3__9791	832	376	603	18	8	0	6	162
LPd_3__9799	0	0	190	0	0	0	0	0
LPd_3__9801	0	63	45	0	0	107	46	523
LPd_3__9807	0	0	44	0	0	0	0	2
LPd_3__9810	915	29	519	54	155	229	61	210
LPd_3__9816	130	25	107	13	0	23	4	104
LPd_3__9820	0	88	302	18	21	44	16	15
LPd_3__9834	8	145	226	30	2	123	0	160
LPd_3__9843	31	8	28	19	5	19	0	4
LPd_3__9857	0	1	163	3	0	0	2	15
LPd_3__9858	210	75	951	90	5	40	0	0
LPd_3__987	48	42	835	44	1	176	5	977
LPd_3__989	10907	12	17850	18078	67	7	0	245
LPd_3__990	1	23	2587	941	1	283	4	102
LPd_3__9907	13	8	235	1	0	3	1	24
LPd_3__9913	82	10	5903	114	297	4	0	30
LPd_3__9919	112	0	49	11	5	0	0	0
LPd_3__9932	89	0	40	4	0	5	0	4
LPd_3__9935	88	0	137	12	7	0	0	8
LPd_3__9940	0	0	308	0	0	0	6	0
LPd_3__9944	0	138	41	0	0	5291	0	30
LPd_3__9949	561	54	1319	228	5	256	55	107
LPd_3__995	468	0	6387	3913	4125	71	0	8
LPd_3__9954	63	9	147	72	0	72	0	35
LPd_3__9990	0	37	309	8	1	14	4	388
LPd_3__9999	0	31	101	2	5	24	799	1
LPd_4__1011	0	0	105	194	0	0	0	0
LPd_4__1012	1144	9	1591	45	0	312	58	123
LPd_4__1016	10994	5	18210	18247	61	6	0	300
LPd_4__1020	321	0	1531	141	81	24	2	563
LPd_4__1026	60	6	61	39	0	0	0	95
LPd_4__1036	7532	731	7106	4929	3931	11408	383	2600
LPd_4__1039	5764	0	394	1055	115	0	0	0
LPd_4__104	67787	36	164164	109281	6160	66	7	195
LPd_4__1050	2	6	75	30	0	10	0	18
LPd_4__1053	589	44	8	95	0	4	0	5
LPd_4__1058	0	0	128	17	0	0	0	0
LPd_4__1061	114642	4377	61232	43259	16916	25570	5724	14262
LPd_4__1066	277	1140	57	1882	0	31355	302	1567
LPd_4__1068	3237	224	2302	260	56	882	88	703
LPd_4__1074	7	0	1	89	0	35	0	3
LPd_4__1076	41	3	25	76	0	29	0	4
LPd_4__1088	2835	1	6510	211	0	3	0	0
LPd_4__1098	14502	836	11869	6907	2622	5065	669	2981
LPd_4__1127	357	58	607	260	5	6912	296	6455
LPd_4__113	0	0	0	126	0	0	0	0
LPd_4__1133	62	1	73	524	0	2	0	4
LPd_4__1137	181	18	62	525	1	9	1	20
LPd_4__115	0	0	282	30	0	0	0	12
LPd_4__1164	25	0	73	312	0	0	0	51
LPd_4__1174	0	0	0	224	0	0	0	0
LPd_4__1175	534	81	1088	47	0	46	11	99
LPd_4__1180	516	507	7057	2561	39	12703	265	26944
LPd_4__1183	51	3	71	501	0	7	0	82
LPd_4__1196	3	0	47	136	0	0	0	0
LPd_4__1201	569	18	115	102	13	38	1	40
LPd_4__1206	605	87	1686	93	1	94	0	124
LPd_4__1209	41	3	236	86	21	27	0	3
LPd_4__1217	27	3	1216	38	65	3	0	3
LPd_4__1249	232997	11709	168423	93631	56146	77773	20760	37929
LPd_4__1252	0	0	0	194	0	0	0	0
LPd_4__1256	259	26	62	27	6	60	23	361
LPd_4__1264	457	15	2173	1422	7	236	23	54
LPd_4__1268	0	23	84	62	0	5	0	4
LPd_4__127	1512	0	5366	2376	74	11	0	25
LPd_4__1274	0	0	0	66	0	0	0	0
LPd_4__130	109	1	46	295	0	4	0	0
LPd_4__1300	83	31	1659	29501	0	505	75	1741
LPd_4__1305	93	241	6076	1200	5	0	0	0
LPd_4__1310	4	0	2618	2373	12	0	0	321
LPd_4__1315	4	0	142	1217	2	11	59	0
LPd_4__1327	4	66	31	245	0	63	70	14
LPd_4__1329	3678	3	72	166	0	6	0	33
LPd_4__1330	1760	2	84	37	0	8	0	2
LPd_4__1331	0	54	1	112	0	26	287	0
LPd_4__1333	205	1714	3578	8230	7	2840	1151	1018
LPd_4__1336	0	24	166	746	5	109	1	248
LPd_4__1340	24	3864	222	6281	16	87	0	284
LPd_4__1367	0	62751	5663	882	0	502	22973	9847
LPd_4__1379	42	33	10	18	19	22	0	9
LPd_4__1381	69056	2864	43437	28712	3440	19114	1231	10665
LPd_4__1382	146	0	239	502	11	0	0	0
LPd_4__1402	35	2	5	57	0	25	0	17
LPd_4__1408	0	0	0	163	0	0	0	0
LPd_4__1417	94	2	170	62	0	0	0	0
LPd_4__1418	56	0	121	218	18	0	0	0
LPd_4__1422	73	0	671	297	4	9	3	83
LPd_4__1429	0	0	3	232	0	0	0	0
LPd_4__1445	663	2	670	299	1	91	0	2
LPd_4__1447	145	65	36	346	0	10	0	0
LPd_4__145	176	4	138	92	19	23	1	67
LPd_4__1458	808	0	1576	3193	29	2	0	0
LPd_4__1459	41	9	569	248	0	248	0	51
LPd_4__1467	2	1	112	81	0	31	0	6
LPd_4__1477	0	4	3	270	0	8	1	26
LPd_4__1486	2	0	4	282	0	1	0	0
LPd_4__1492	27	163	1489	916	31	1068	69	45
LPd_4__1499	14	0	84	78	0	2	0	41
LPd_4__1509	516	1	37	128	0	12	0	35
LPd_4__1510	4	179	25	74	0	797	1	48
LPd_4__1516	1	190	3	225	0	12	0	24
LPd_4__152	0	7	276	139	0	31	0	98
LPd_4__1520	46	0	35	66	0	6	0	5
LPd_4__1532	5938	0	3196	761	78	0	0	0
LPd_4__1536	0	0	0	53	0	9	0	0
LPd_4__154	1720	0	1794	3198	10	0	2	23
LPd_4__1544	391	0	957	84	1	0	0	0
LPd_4__156	30	47	249	195	19	433	4	30
LPd_4__1560	6	5	51	46	5	189	0	11
LPd_4__1564	423	1	3190	256	1	84	7	44
LPd_4__1574	668	1438	91	49808	0	136484	24607	17958
LPd_4__1575	135	37	198	106	0	142	3	90
LPd_4__1577	3	1	706	113	0	40	35	99
LPd_4__1579	1021	248	521	83	0	244	81	1145
LPd_4__158	16	6	157	1684	0	0	70	0
LPd_4__1584	34	0	337	165	0	182	6	23
LPd_4__1606	0	73	1	2813	0	11	0	0
LPd_4__1608	474	0	249	91	37	20	0	5
LPd_4__1610	1749	0	2372	3785	83	0	0	0
LPd_4__1611	4	0	0	1337	0	0	0	0
LPd_4__1614	234	87	33	623	0	51	0	53
LPd_4__1622	0	1	16	135	0	0	0	3
LPd_4__1629	0	1	5	1063	0	124	2	20
LPd_4__1633	20	0	23	47	0	2	0	0
LPd_4__1637	37	7	118	51	14	33	0	4
LPd_4__164	42	1	95	65	0	3	0	9
LPd_4__1647	6	21	470	62	4	0	0	0
LPd_4__1648	22024	221	99594	18200	315	2826	4	71
LPd_4__1651	25	154	292	509	0	245	27	140
LPd_4__1652	2	2	121	46	0	0	0	0
LPd_4__1655	66	9	867	79	6	2	0	0
LPd_4__1660	77	36	95	231	0	76	6	157
LPd_4__1668	87	121	3047	1012	15	0	0	0
LPd_4__1675	98	29	174	206	0	83	19	16
LPd_4__1677	35	10	110	209	17	12	467	94
LPd_4__1681	142	0	135	186	0	0	0	18
LPd_4__1682	265	70	966	13657	0	638	117	854
LPd_4__1684	0	20	4	25	0	22	4	25
LPd_4__1685	8	0	27	37	2	38	0	6
LPd_4__1686	1	0	0	484	0	0	0	0
LPd_4__1687	31	4	39	10	1	12	9	9
LPd_4__1691	2	14	3	73	0	4	32	1
LPd_4__1696	0	2	0	992	0	0	0	0
LPd_4__171	696	1588	79	4042	0	31439	34	2909
LPd_4__172	0	0	0	142	0	30	3	3
LPd_4__1726	49	0	26	23	5	2	0	0
LPd_4__173	711	0	1156	1109	43	2	2	6
LPd_4__1731	0	0	0	75	0	0	0	13
LPd_4__1758	38	147	230	271	3	152	755	37
LPd_4__1760	10	11	647	743	2	526	2	943
LPd_4__1763	0	2	74	85	0	39	6	2
LPd_4__1768	154	285	555	1888	23	245	4	129
LPd_4__1774	0	0	0	69	0	0	0	0
LPd_4__1782	17	14	18	266	4	0	2	0
LPd_4__1791	3948	1	6483	13545	196	0	0	14
LPd_4__1799	3	0	26	87	8	30	0	35
LPd_4__1806	0	0	9	400	0	0	0	0
LPd_4__1825	260	26	62	448	0	138	1	47
LPd_4__1837	578	26	349	102	6	47	24	210
LPd_4__1849	33	1	10	23	4	55	0	6
LPd_4__185	59	4	21	178	0	9	0	11
LPd_4__1865	725	48	1146	2280	14	141	0	13
LPd_4__1879	0	0	19	68	0	0	0	0
LPd_4__1881	79	57	19	1438	1	43	72	9
LPd_4__1887	73	30	2203	3923	0	238	1	148
LPd_4__1888	268	38	90	23	0	65	13	436
LPd_4__1891	581	0	578	839	27	2	0	2
LPd_4__1894	991	113	1425	957	13	16864	376	7302
LPd_4__1902	4	2	56	31	0	25	6	4
LPd_4__1920	0	4	0	423	0	0	6	0
LPd_4__1921	224	48	607	123	1	101	33	132
LPd_4__1923	78213	4074	208645	16998	411	35559	4116	3882
LPd_4__1935	0	74	10	77	0	2	0	6
LPd_4__1940	6515	229	2756	6826	340	683	250	81
LPd_4__1942	33327	20	85091	10335	4032	20	6	23
LPd_4__1945	831	115	1506	362	30	173	0	39
LPd_4__1951	21	4	1	107	0	4	0	1
LPd_4__1964	9	7	5	61	0	0	0	2
LPd_4__1966	1689	0	1587	2327	312	0	7	1
LPd_4__1968	34	4	250	157	0	269	14	140
LPd_4__1969	1	9	108	482	0	84	70	37
LPd_4__1971	10	2	100	203	0	2	0	11
LPd_4__1982	0	0	2	213	3	71	0	0
LPd_4__2004	2	5	182	21	0	20	4	45
LPd_4__2020	6	2	81	37	0	106	0	20
LPd_4__2039	10722	7	4274	1626	87	0	11	11
LPd_4__2062	37	58	0	601	2	10	775	10
LPd_4__2064	177	0	90	291	0	0	0	0
LPd_4__2081	17	6	76	154	3	44	0	0
LPd_4__2085	0	0	1	76	0	6	0	0
LPd_4__2088	2	0	46	110	0	3	0	0
LPd_4__2104	5	4	108	121	4	10	424	66
LPd_4__2106	0	17	195	168	7	31	0	79
LPd_4__2107	47	77	806	1393	0	148	0	0
LPd_4__212	184	43	83	278	0	11	0	1
LPd_4__2122	1848	4	8627	2129	252	14	151	27
LPd_4__2126	11	88	205	142	14	22	10	18
LPd_4__2130	2393	239	424	679	117	41	28	664
LPd_4__2140	63	16	334	255	31	69	0	2
LPd_4__2151	0	0	0	94	0	0	0	0
LPd_4__2157	46	56	909	210	1	4	0	0
LPd_4__2179	21899	0	7723	4372	85	9	34	1
LPd_4__2191	0	0	310	90	3	0	0	22
LPd_4__2195	8	41	162	425	8	1066	0	47
LPd_4__2197	31	0	35	30	0	0	0	2
LPd_4__2206	2	6	77	61	2	304	0	173
LPd_4__2207	0	0	9	608	0	11	0	0
LPd_4__2217	3790	732	483	3180	78	1859	9	223
LPd_4__2226	702	12	89	2256	0	9	0	211
LPd_4__2257	13	24	13	90	0	37	7	47
LPd_4__2270	0	1	0	123	0	0	0	1
LPd_4__2277	74	11	2	3157	0	41	0	9
LPd_4__2286	4	0	23	89	0	12	0	9
LPd_4__229	0	3	1673	96	0	21	2	19
LPd_4__2298	0	16	173	101	2	80	0	17
LPd_4__2301	150	297	14876	279	0	1737	202	2343
LPd_4__231	237367	127	119655	86202	118	0	0	0
LPd_4__2316	3	1	29	20	0	2	2	3
LPd_4__2318	234	14059	2337	19957	2	106277	4554	239691
LPd_4__232	0	0	18	467	0	0	0	2
LPd_4__2330	6353	129	8009	267	4	1990	163	634
LPd_4__2344	577	1161	85	2956	0	21168	18	2175
LPd_4__2352	534	146	203	71	3	288	112	206
LPd_4__2355	768	90	2084	398	47	423	108	196
LPd_4__236	40134	33	110295	83370	2968	94	59	233
LPd_4__2367	1084	2	197	765	8	17	0	257
LPd_4__2370	0	0	0	71	0	0	0	0
LPd_4__2393	2	11	37	100	0	88	22	13
LPd_4__2394	71	5	232	70	14	71	0	33
LPd_4__2399	5761	286	2574	356	196	1099	108	1029
LPd_4__240	15	36	2656	48	0	116	67	102
LPd_4__2400	1117	72	106	654	1	458	264	79
LPd_4__2412	7	0	38	183	0	6	0	6
LPd_4__242	19	17	0	8003	0	0	0	0
LPd_4__2424	31	31	40	195	0	0	0	17
LPd_4__2425	116	184	53	135	0	463	17	104
LPd_4__2446	244	103443	7564	12264	0	121395	11905	348480
LPd_4__2458	0	13	181	51	1	17	0	41
LPd_4__249	10651	87	46154	10450	62	4180	2	85
LPd_4__2496	0	0	0	82	0	2	0	19
LPd_4__2541	45	454	253	393	0	3531	1531	1025
LPd_4__2549	4124	229	21372	1261	0	54	7	110
LPd_4__2588	0	0	132	863	1	212	2	2
LPd_4__2593	24	9	700	120	0	57	0	13
LPd_4__2618	2737	8	3757	1431	1	27	4	181
LPd_4__2648	556	0	65	67	0	0	0	2
LPd_4__2652	261	26	641	132	0	37	5	281
LPd_4__2654	0	22	161	106	4	11	0	47
LPd_4__2669	5147	228	3951	2000	1426	1907	190	997
LPd_4__2671	10	5	2822	171	7	18	0	103
LPd_4__2689	36	18	2	36	0	30	0	21
LPd_4__2709	0	61	0	33	0	236	24	0
LPd_4__271	0	3	0	87	0	60	1	29
LPd_4__2724	14	0	37	26	3	39	11	0
LPd_4__2725	0	48	14	491	0	497	0	225
LPd_4__2732	0	1	69	282	0	0	1	0
LPd_4__2741	2	0	51	662	0	126	0	18
LPd_4__2748	90	30	2235	247	5	47	101	404
LPd_4__2764	6	11	19	40	1	4	6	18
LPd_4__2771	0	4	0	100	0	0	0	0
LPd_4__2782	122	4	92	201	0	5	0	1
LPd_4__2788	2374	2	2039	2199	71	0	0	0
LPd_4__2794	0	8	20	95	0	72	1	45
LPd_4__280	0	0	2	86	0	0	0	0
LPd_4__2808	0	0	28	72	0	0	0	0
LPd_4__2824	27	0	60	68	0	0	0	8
LPd_4__2828	0	0	0	240	0	0	0	0
LPd_4__2858	9	1	119	53	1	461	5	108
LPd_4__286	51641	126	83119	13542	5158	4	2	26
LPd_4__2865	0	0	1	108	0	0	0	8
LPd_4__2881	1085	205	3373	366	73	8	0	14
LPd_4__2884	81	6	195	79	5	21	0	21
LPd_4__2887	25	2	94	1145	1	0	0	3
LPd_4__2891	0	0	0	127	0	0	0	0
LPd_4__2902	53	0	16169	93530	0	138	0	876
LPd_4__2905	13	1	484	4995	2	9	18	11
LPd_4__2909	156	8	111	102	0	115	0	5
LPd_4__2911	1	0	62	41	0	0	0	10
LPd_4__2920	1301	21	22322	5074	779	20	60	85
LPd_4__2930	74	0	45	400	0	1	0	0
LPd_4__2937	15	0	48	274	8	8	11	7
LPd_4__2938	2	0	32	78	0	0	0	0
LPd_4__2940	63	114	629	944	38	264	1857	455
LPd_4__2956	0	2	2	75	0	0	0	11
LPd_4__2965	106	65	16	49	0	2372	46	5097
LPd_4__2967	1956	273	1268	116	4	448	94	1103
LPd_4__2988	4	333	32	73	0	1073	0	98
LPd_4__3008	1136	0	6583	1667	48	2	2	25
LPd_4__3016	0	0	0	687	0	0	0	0
LPd_4__303	489	0	542	645	2	0	0	0
LPd_4__3031	5	4	18	160	0	0	0	0
LPd_4__3034	9740	21	51344	8476	15	0	2	1
LPd_4__3037	350	3477	1431	55274	9	3	274	11
LPd_4__306	221	2282	853	36706	5	21	708	7
LPd_4__3061	37	0	42	58	0	18	0	2
LPd_4__3069	1365	102	936	323	2	131	61	813
LPd_4__3075	36	4	25	137	2	185	0	2
LPd_4__3099	8	0	5	130	1	2	0	4
LPd_4__3111	2526	0	75	7081	0	0	0	13
LPd_4__3115	2	31	18	503	2	448	4	150
LPd_4__3123	25	16	2	99	0	0	0	21
LPd_4__3125	1554	226	5607	431	20	485	18	335
LPd_4__3152	258	35	408	73	49	3	0	4
LPd_4__3184	0	0	21	271	1	130	9	43
LPd_4__3186	721	193	426	72	6	186	95	1268
LPd_4__3209	0	981	57	682	0	1102	606	470
LPd_4__322	152	67	331	292	0	183	32	72
LPd_4__3223	13	14	13	138	0	40	6	2
LPd_4__3236	20	2	59	103	0	10	0	15
LPd_4__3242	32	10	35	13	3	43	0	9
LPd_4__3245	74	25	216	86	6	32	8	19
LPd_4__3247	92	11	14	30	0	281	6	5
LPd_4__3255	17	0	29	438	0	0	0	6
LPd_4__326	654	0	1318	368	3	0	0	22
LPd_4__3277	20	0	636	88	19	0	0	0
LPd_4__3288	386	181	462	192	0	102	24	101
LPd_4__331	18	0	96	69	0	0	0	0
LPd_4__3311	412	11	122	2616	0	19	0	235
LPd_4__3320	0	0	0	115	0	0	0	8
LPd_4__3334	1	60	473	373	35	88	1058	20
LPd_4__335	48	0	487	57	0	1	1	0
LPd_4__3350	25	0	64	66	0	0	0	2
LPd_4__3352	16	0	854	30	0	2	0	0
LPd_4__3361	0	0	0	76	0	0	0	9
LPd_4__3366	0	0	0	103	0	0	0	0
LPd_4__3371	0	0	0	80	0	0	0	0
LPd_4__3382	0	0	233	69	2	0	0	8
LPd_4__3390	195	0	681	35	3	0	0	0
LPd_4__3413	0	147	6	107	3	24	3	9
LPd_4__3417	0	391	4	101	0	674	9	0
LPd_4__3421	0	15	63	110	0	14	0	69
LPd_4__3422	0	11	32	1284	16	7	2320	17
LPd_4__3428	127	1	152	571	0	35	0	19
LPd_4__3429	24	1	46	18	4	10	0	26
LPd_4__3442	16	202	215	718	6	267	55	34
LPd_4__3462	10	8	18	92	13	36	0	10
LPd_4__3475	10	0	69	18	0	149	1	10
LPd_4__348	44	10	444	70	0	97	0	38
LPd_4__3494	0	13	83	1524	0	53	0	0
LPd_4__3495	0	17	0	5516	0	7	1	2
LPd_4__350	0	80	2	32	0	4	279	193
LPd_4__3532	324	0	3128	4918	19	0	0	0
LPd_4__3535	0	41	5	1819	0	297	17	36
LPd_4__354	0	0	0	275	0	0	0	5
LPd_4__3540	3144	0	9813	556	27	0	0	0
LPd_4__3542	115	0	37	106	0	0	0	0
LPd_4__3550	78	7	203	31	0	22	0	49
LPd_4__3562	35	43	502	429	15	96	235	270
LPd_4__3566	0	0	0	62	0	0	0	0
LPd_4__3569	6	64	519	1133	15	24	21	2
LPd_4__3575	0	0	0	77	0	0	0	3
LPd_4__3578	34	11	202	223	0	79	0	42
LPd_4__3585	13	7	628	183	10	48	13	60
LPd_4__3590	228	0	66	181	7	18	0	15
LPd_4__3608	0	2	33	171	0	5	0	0
LPd_4__3609	52	38	109	224	1	52	9	26
LPd_4__3611	108	7922	256	316	5	2859	162	2505
LPd_4__3612	18	27	604	302	1	153	0	256
LPd_4__3613	2	0	0	473	0	16	0	0
LPd_4__3615	3	0	22	99	0	0	0	9
LPd_4__3619	30	42	32	393	0	155	0	60
LPd_4__3624	6	0	46	282	0	36	0	35
LPd_4__363	255	125	2392	649	0	0	0	0
LPd_4__3634	0	17	0	86	23	2	0	0
LPd_4__3637	1494	298	201	2050	77	1194	12	135
LPd_4__3642	14	4	173	692	0	85	6	8
LPd_4__3643	0	0	0	408	0	0	0	0
LPd_4__3654	2276	0	1137	979	116	18	0	26
LPd_4__3657	0	0	41	117	0	0	0	0
LPd_4__3659	45	0	334	341	15	0	0	0
LPd_4__3663	0	0	0	88	0	0	0	0
LPd_4__3666	975	43	120	1363	2	312	76	58
LPd_4__3673	745	20	342	121	14	191	18	141
LPd_4__3685	2	25	56	22	4	215	2	133
LPd_4__3688	38	1	203	28	13	18	0	103
LPd_4__3689	707	41	122	72	10	140	599	35
LPd_4__3691	253	50	336	17	1	30	5	43
LPd_4__3695	92	32	18	259	3	20	8	109
LPd_4__3701	344	50	155	22	0	0	0	0
LPd_4__3708	0	0	48	99	0	0	0	0
LPd_4__3712	1814	0	714	1020	3655	0	1	2
LPd_4__3715	68	9	53	42	4	11	12	35
LPd_4__372	838	0	33	293	0	36	0	42
LPd_4__3724	240	0	83	164	131	300	6	6
LPd_4__3731	43	0	187	55	19	0	0	0
LPd_4__3735	0	3	50	596	0	61	0	0
LPd_4__374	15	0	52	38	0	2	0	2
LPd_4__3740	187	990	97	1267	1	25619	316	1591
LPd_4__3745	0	5	0	209	2	63	0	6
LPd_4__3746	63	9	256	81	0	2	0	12
LPd_4__3772	24	105	1	663	0	61	1	43
LPd_4__3783	8	3	262	100	2	39	2	65
LPd_4__3784	666	82	283	62	0	316	482	187
LPd_4__3785	281	5	4516	866	43	0	0	43
LPd_4__3788	18	1	126	79	5	16	24	30
LPd_4__3810	0	0	3	107	2	59	0	1
LPd_4__382	563	8	7442	1090	343	117	14	30
LPd_4__3826	53	62	951	14182	7052	7700	3	1061
LPd_4__384	2866	0	10723	1012	39	0	0	7
LPd_4__3846	154	0	90	325	3	17	8	2
LPd_4__3848	401	12	107	43	1	12	21	25
LPd_4__3857	0	21	349	426	0	99	0	133
LPd_4__3868	37	4	279	281	3	25	120	9
LPd_4__3869	1644	553	3746	655	208	39	11	22
LPd_4__3877	19	0	642	18	0	2	0	0
LPd_4__3881	36	0	51	20	0	36	0	10
LPd_4__3884	0	0	0	147	0	1	10	0
LPd_4__3891	306	18	103	87	3	63	2	62
LPd_4__3898	329	2	33	2201	18	8	0	2
LPd_4__390	146	0	21168	1014	0	0	12	2116
LPd_4__3903	2225	60	97	1626	2	98	0	40
LPd_4__3904	0	1	14	239	0	0	0	0
LPd_4__3911	88	38	619	1156	11	62	1549	544
LPd_4__3920	28	0	299	783	2	63	193	151
LPd_4__3921	88	2	84	469	7	181	34	7
LPd_4__3929	20	18	241	27	0	3	0	33
LPd_4__3931	83	0	428	635	9	0	0	0
LPd_4__394	55	1	2088	57	162	3	1	2
LPd_4__3942	15	3	15	86	12	55	0	5
LPd_4__3946	28682	1343	16171	10529	2439	6908	900	3574
LPd_4__3967	23	143	3267	546	0	0	0	2
LPd_4__3973	265	2	234	85	21	153	2	22
LPd_4__3977	740	89	7976	6707	464	490	22	116
LPd_4__3980	128	17	59	132	1	31	0	26
LPd_4__3981	61098	282	1497	260	28	1930	274	3545
LPd_4__3996	0	87	7891	565	0	227	3	150
LPd_4__4004	24	60	476	264	19	466	12	10
LPd_4__401	92	252	63	1079	0	1666	467	269
LPd_4__4015	0	46	51	80	0	0	0	1
LPd_4__4032	0	0	21	133	0	0	0	0
LPd_4__4033	73	13	393	488	0	315	2	91
LPd_4__4037	0	0	148	363	0	0	18	37
LPd_4__4053	0	0	0	37	0	2	2	9
LPd_4__4058	0	0	11	266	3	0	0	2
LPd_4__4060	36	0	169	316	8	0	0	0
LPd_4__4065	949	12	1905	5812	86	46	2124	12
LPd_4__4071	201	0	13	60	12	0	0	0
LPd_4__4076	481	10	1236	1070	103	132	432	24
LPd_4__4078	7	51	654	368	27	33	562	385
LPd_4__4082	4	17	18	170	0	135	10	52
LPd_4__4084	0	0	0	94	0	0	0	0
LPd_4__4088	25	137	405	432	0	14193	32	663
LPd_4__4091	27	0	24	49	0	2	8	4
LPd_4__4094	0	0	68	33	4	0	0	2
LPd_4__4102	234	1	415	520	3	17	19	45
LPd_4__4113	2	0	0	205	0	33	0	2
LPd_4__4120	0	2	34	150	0	1	0	13
LPd_4__4127	40	6	37	73	4	441	93	16
LPd_4__4137	8	11	92	69	17	14	136	63
LPd_4__4142	15	17	100	156	16	60	20	10
LPd_4__4160	0	4	1	35	0	42	2	31
LPd_4__4166	0	1	0	916	0	18	0	0
LPd_4__4170	124	50	18	65	2	44	134	41
LPd_4__4174	350	7	228	44	0	0	0	0
LPd_4__4189	0	2	192	116	0	0	0	0
LPd_4__4194	18	4	8	64	0	0	0	8
LPd_4__4195	0	0	4	216	0	3	2	0
LPd_4__423	5751	4	7853	6706	94	2	7	201
LPd_4__4230	0	172	12	77	0	230	0	68
LPd_4__4234	34	5	18	85	0	11	0	6
LPd_4__4258	229	0	275	102	2	0	0	0
LPd_4__4259	25071	47	87104	20095	172	799	23	29
LPd_4__4281	2	11	0	491	0	11	31	20
LPd_4__4287	16	0	28	209	0	0	0	0
LPd_4__4296	56785	2626	29760	23133	6419	14379	2679	7235
LPd_4__4297	0	13	113	199	0	0	2	7
LPd_4__4329	13	0	94	88	0	0	0	17
LPd_4__4331	0	432	39	165	0	14	795	891
LPd_4__4342	997	281	2796	439	47	58	0	30
LPd_4__4351	3044	185	376	12433	8	162	2	1824
LPd_4__4352	39	69	32	235	3	80	2	7
LPd_4__4353	9	4	104	26	1	17	0	38
LPd_4__4358	88	0	71	198	0	39	0	0
LPd_4__4368	62	0	0	146	0	0	0	0
LPd_4__4398	36	0	77	39	0	0	0	11
LPd_4__4425	68	286	948	1068	0	23121	299	17754
LPd_4__4433	0	3	37	69	0	3206	5	2725
LPd_4__4444	12	0	14	172	0	0	0	0
LPd_4__4458	50	0	140	282	0	31	2	43
LPd_4__4483	0	0	0	787	0	2	13	12
LPd_4__4494	353	437108	38050	16308	0	1224484	25501	551753
LPd_4__4496	467	4	380	84	13	50	0	9
LPd_4__4509	64	0	202	43	0	8	0	0
LPd_4__4515	52	29	842	860	11	458	0	1154
LPd_4__4522	1	5	2	105	0	150	0	61
LPd_4__4523	4	0	4	261	0	0	0	508
LPd_4__4527	94	2	1230	605	3	34	0	230
LPd_4__4535	277	65	20	322	0	52	0	26
LPd_4__4536	0	0	0	118	0	0	0	0
LPd_4__4550	11	14	145	40	0	11	0	53
LPd_4__4552	1	0	78	52	0	0	0	0
LPd_4__4555	415	1323	51628	2100	11	6889	453	6906
LPd_4__4564	1158	30	318	55	231	162	1	26
LPd_4__458	44	0	233	41	5	0	0	2
LPd_4__4581	70	38	1077	167	0	0	0	0
LPd_4__4585	15	27	4	68	0	0	0	2
LPd_4__4589	100	7	28	15	3	13	8	132
LPd_4__459	2	0	27	93	1	16	12	38
LPd_4__4595	9	0	16	119	0	0	0	0
LPd_4__4619	0	0	0	65	0	0	0	0
LPd_4__462	0	4	65	237	0	22	0	0
LPd_4__4626	27	7	22	225	0	6	0	3
LPd_4__4634	9905	509	103	730	0	23	1	22
LPd_4__4636	66	5	0	166	5	229	3	0
LPd_4__4640	49	139	76	1689	24	96	309	129
LPd_4__4654	0	0	0	48	0	15	0	0
LPd_4__4660	155	0	200	186	2	0	0	0
LPd_4__4672	316	68	27	98	0	1910	797	10686
LPd_4__4678	470	142	120	604	68	183	3	67
LPd_4__4679	55	88	1593	10335	0	305	0	426
LPd_4__468	12394	7044	2439	66532	1	266057	725	189934
LPd_4__4688	74	29	218	113	0	2948	22	3900
LPd_4__4698	0	5	34	34	1	278	3	21
LPd_4__4701	439	292	7168	1333	4	0	0	0
LPd_4__4703	0	0	0	59	0	2	0	179
LPd_4__4706	14946	183	155304	17415	100	2599	2	86
LPd_4__4708	15	1	256	203	2	0	2	41
LPd_4__4716	15	2	176	101	0	91	11	38
LPd_4__4748	1650	12	543	6008	0	59	2	583
LPd_4__4755	0	0	320	48	0	0	0	13
LPd_4__4759	0	0	3700	81	0	25	0	2
LPd_4__4767	0	0	41	93	0	5	0	2
LPd_4__4769	6635	316	5514	3061	453	1691	98	1172
LPd_4__4787	0	14	50	236	0	2	0	0
LPd_4__4789	4	2	79	34	0	0	1	4
LPd_4__4819	0	0	0	141	0	0	0	0
LPd_4__4828	24	3	807	64	4	91	0	0
LPd_4__4842	315	1	0	4734	0	0	3	1822
LPd_4__4849	23	11	1229	285	0	164	1	471
LPd_4__4863	78	0	16	107	0	0	0	0
LPd_4__4900	21	10	191	149	3	184	15	246
LPd_4__4910	4308	309	1174	70	21	10341	33	29814
LPd_4__4916	4	6	83	66	2	385	0	75
LPd_4__492	337	21	126	34	3	35	8	240
LPd_4__4935	485	93	138	7615	88	65	6	33
LPd_4__4951	0	8	117	30	0	0	0	0
LPd_4__4978	1468	1	865	1130	36	0	0	1
LPd_4__4979	0	0	2	66	0	3	0	0
LPd_4__4991	37	0	49	181	20	0	0	0
LPd_4__4997	126	6	107	41	0	3	0	190
LPd_4__5003	695	0	1333	397	5	1	0	2
LPd_4__5005	0	0	18	165	17	0	0	0
LPd_4__5012	0	0	52	40	0	3	0	14
LPd_4__5017	4	4	116	39	0	12	0	28
LPd_4__502	10732	2	23777	42	0	0	0	0
LPd_4__5021	12	0	103	58	0	0	0	3
LPd_4__5030	4	0	66	100	0	23	0	106
LPd_4__5037	0	0	0	80	0	0	0	0
LPd_4__504	1025	27	1900	81	4	56	2	60
LPd_4__5048	2	0	131	178	0	0	2	11
LPd_4__505	30	133	1141	875	48	821	158	71
LPd_4__5056	0	1	0	120	0	1	1	0
LPd_4__5072	23	0	0	397	3	84	0	23
LPd_4__5078	0	0	814	45	0	3	0	0
LPd_4__5121	96	0	305	68	57	1	0	0
LPd_4__5124	1123	15	9352	2391	312	12	25	56
LPd_4__5142	33	6	251	119	4	43	6	7
LPd_4__5143	0	0	48	57	0	6	0	14
LPd_4__5165	1	0	338	783	2	0	0	0
LPd_4__5167	5	7	160	34	0	64	37	41
LPd_4__5173	10	0	34	60	20	0	0	0
LPd_4__5179	527	237	326	323	27	3955	102	75
LPd_4__5182	174	35	20	380	0	80	0	162
LPd_4__5190	53	0	75	47	0	8	0	0
LPd_4__5194	4	4	146	37	0	16	4	23
LPd_4__520	30	0	20	139	9	123	0	0
LPd_4__5205	525	68	1259	120	8	130	22	199
LPd_4__5210	12	0	86	280	0	0	0	0
LPd_4__5212	110	0	258	87	25	41	0	11
LPd_4__5213	278	0	174	154	1	0	0	0
LPd_4__5220	0	28	2	74	0	63	0	0
LPd_4__5224	980	0	9462	2042	62	2	76	55
LPd_4__5235	292	0	1366	2529	47	6	0	2
LPd_4__5254	36	98	51	1775	0	532	6	93
LPd_4__5260	0	9	59	53	7	3	0	41
LPd_4__5267	20300	1	51269	107	0	0	0	0
LPd_4__5268	0	1	31	632	0	7	2	395
LPd_4__5273	0	87	6	110	0	50	32	57
LPd_4__5277	172	0	1555	104	1	0	0	0
LPd_4__5282	25	0	7	196	0	0	0	1
LPd_4__5284	25	102	500	371	44	685	7	138
LPd_4__5313	0	0	1108	259	17	6	0	90
LPd_4__5326	142	8	301	155	18	39	39	40
LPd_4__5327	0	5	33	65	0	23	0	0
LPd_4__5328	17	0	129	290	20	0	0	0
LPd_4__5333	121	6	362	120	1	199	13	30
LPd_4__5346	411	0	60451	1203	843	34	14	14
LPd_4__535	118	0	1	2581	0	18	0	237
LPd_4__5362	61	0	80	133	0	0	0	5
LPd_4__5372	19	0	2	1193	0	0	7	576
LPd_4__5375	666	0	684	804	1610	1	0	1
LPd_4__5380	1	35	47	94	0	16	7	0
LPd_4__5383	0	0	0	206	0	0	0	15
LPd_4__5388	18	1	41	42	1	7	25	5
LPd_4__5398	0	16	24	112	0	27	2	78
LPd_4__540	179	7	589	195	0	393	14	284
LPd_4__5401	0	0	1266	154	0	19	0	4
LPd_4__5417	0	0	10	94	0	2	0	2
LPd_4__543	21	9	23	64	0	14	113	20
LPd_4__5430	564	84	177	34	0	0	3	0
LPd_4__5434	900	7	1088	248	30	335	39	34
LPd_4__5437	0	456	59	1825	17	870	75	2653
LPd_4__5444	1	9	3	77	0	23	0	0
LPd_4__5453	0	5	2491	116	0	28	0	1
LPd_4__5456	167	0	216	45	0	0	0	0
LPd_4__5474	453	5	725	379	2	187	2	14
LPd_4__5483	115	0	224	217	1	0	0	0
LPd_4__5484	60	0	71	4941	0	1	0	0
LPd_4__5486	2	3	87	230	0	66	0	0
LPd_4__5495	0	0	3	91	0	0	0	0
LPd_4__5501	3598	63	4428	101	8	719	41	437
LPd_4__5507	82	1	8	34	8	28	0	8
LPd_4__5512	441	2	2239	852	6	228	0	52
LPd_4__5515	0	0	0	106	0	0	0	0
LPd_4__5520	2	64	249	984	0	39	2	223
LPd_4__5545	32	0	814	22	0	11	0	0
LPd_4__557	56	0	1148	249	430	9	0	0
LPd_4__5580	0	1	35	243	0	2	0	0
LPd_4__5582	219	50	2943	1619	9	51	5	308
LPd_4__5585	159	1	213	34	1	0	0	0
LPd_4__5599	2205	14	3712	2059	87	17	2	116
LPd_4__5601	0	20	10	281	0	78	16	83
LPd_4__5624	43312	110	75311	39986	152	483	257	64
LPd_4__5643	0	4	4	83	0	17	0	0
LPd_4__5648	75	7	298	112	0	339	4	34
LPd_4__5657	20	38	388	449	5	772	95	110
LPd_4__5664	33	4	227	133	6	2	6	5
LPd_4__5666	24	0	70	34	0	0	0	0
LPd_4__5668	14	13	7	89	0	0	86	4
LPd_4__5671	83	6	167	52	1	15	1	27
LPd_4__5676	2	57	232	5582	6	530	0	546
LPd_4__5678	103	4	8	28	8	22	0	8
LPd_4__5681	0	0	0	133	0	4	0	0
LPd_4__5688	55	1	51	94	84	133	2	0
LPd_4__5694	2	3	2	166	1	0	0	37
LPd_4__5704	496	7	76	70	40	4	0	9
LPd_4__5710	0	0	92	200	0	0	0	0
LPd_4__5716	2097	46	3962	2440	19	1537	3	72
LPd_4__5717	1017	0	2334	222	3	0	0	0
LPd_4__5718	0	2	0	3000	0	2	0	52
LPd_4__5721	31	4040	4567	2195	7	4239	0	78
LPd_4__5723	741	0	10403	271	6	1	0	0
LPd_4__5724	0	428	80072	18503	414	2	0	0
LPd_4__5725	18	0	1682	3761	0	0	0	155
LPd_4__5726	2744	84	1300	1850	198	121	8	28
LPd_4__5727	28694	0	47557	24202	625	6	0	51
LPd_4__5728	0	17847	1277	1245	0	5943	99	93179
LPd_4__5730	1	9	3637	624	2	24	0	49
LPd_4__5733	125	466	286	3912	2	110	0	2
LPd_4__5734	2	0	809	935	0	0	0	0
LPd_4__5735	2	0	0	2904	0	0	0	0
LPd_4__5736	29385	372	1659	5107	0	2	0	2
LPd_4__5738	0	19495	4325	1064	67	33149	2348	1596
LPd_4__5743	2	86	1618	856	0	189	0	191
LPd_4__5745	7212	0	141576	6763	343	0	0	57
LPd_4__5749	54	0	673	540	0	62	5	52
LPd_4__5755	0	0	81	681	0	0	0	3
LPd_4__5760	0	5	957	786	0	112	1	34
LPd_4__5768	0	0	10	3202	0	0	0	0
LPd_4__5775	0	33	19	1071	0	0	0	0
LPd_4__5788	11232	0	10841	11252	0	1	0	0
LPd_4__582	0	0	123	23	0	6	3	24
LPd_4__595	281	0	58	49	18	0	0	0
LPd_4__618	34	50	36	716	0	78	3215	257
LPd_4__636	6	6	47	33	8	6	0	104
LPd_4__639	65	21	2116	218	6	98	5	14
LPd_4__644	3266	88	3573	68	10	1327	136	482
LPd_4__65	1027	0	3797	6371	92	2	0	7
LPd_4__656	42	17	1799	210	9	173	2	108
LPd_4__665	359060	37	85970	54525	20696	7	213	418
LPd_4__669	0	4	20	74	2	25	18	307
LPd_4__688	0	3958	27	10234	0	0	0	0
LPd_4__710	0	0	494	259	5	90	1	608
LPd_4__722	9748	53	10617	9043	1217	37	2	432
LPd_4__737	287	74	243	239	49	4	8	183
LPd_4__760	5245	5	5222	17863	0	0	0	163
LPd_4__779	189	15	37062	4358	656	82	26	115
LPd_4__795	3	293	11	79	0	407	5	55
LPd_4__814	62	7	235	108	2	10	15	35
LPd_4__827	33	8	101	22	7	38	0	217
LPd_4__828	70	41	204	88	14	65	64	188
LPd_4__83	0	18	0	67	0	2	0	0
LPd_4__846	0	0	0	51	0	0	0	0
LPd_4__848	0	0	60	76	0	49	0	32
LPd_4__854	195	69	63	50	0	110	203	54
LPd_4__857	163	16	19	34	4	54	1	33
LPd_4__862	23	118	16692	7550	0	261	0	0
LPd_4__867	2821	0	6466	4338	44	2	0	83
LPd_4__875	168	46	2	556	0	0	0	8
LPd_4__876	43	345	50	80	2	1219	6	66
LPd_4__878	30	37	45	66	0	34	0	13
LPd_4__881	10	0	0	209	0	0	0	0
LPd_4__885	7	0	11	134	0	6	0	0
LPd_4__916	517	1394	147	2917	0	44718	97	2411
LPd_4__925	0	0	3	68	0	0	0	0
LPd_4__944	462	0	155	2261	0	15	0	0
LPd_4__947	80	0	1415	76	0	42	0	0
LPd_4__948	27	0	0	30	0	3	0	0
LPd_4__950	3	0	16	268	2	0	0	0
LPd_4__952	1685	0	111	33	0	4	0	0
LPd_4__955	85	7	31	19	1	19	4	115
LPd_4__960	66	0	18	169	0	1	0	0
LPd_4__966	1543	0	690	1016	24	0	0	0
LPd_4__972	17885	0	17107	5650	865	0	4	1
LPd_4__976	40	16	284	101	0	63	2	50
LPd_4__990	6879	15	10912	1235	76	0	0	1
LPd_4__997	159	0	485	692	9	0	0	4
Nd_1__1	2	0	73	4	28	113	0	0
Nd_1__1013	22	4	132	6	29	535	22	273
Nd_1__1015	34	11	80	7	18	51	0	256
Nd_1__1028	16	5	602	6	42	10	5	0
Nd_1__1031	50359	13814	19983	42599	12779	1596	2450	5780
Nd_1__1032	10383	560	6395	5488	2072	2662	476	1536
Nd_1__1042	235	128	5869	626	170	4185	338	55
Nd_1__1043	278	0	97	15	71	273	10	1
Nd_1__1049	14370	3	42836	2830	352	4	0	4
Nd_1__1050	1281	10	108	28	85	62	3	12
Nd_1__1062	3771	108	143	27	231	184	0	85
Nd_1__1063	452	14	1542	24	103	2516	2	19
Nd_1__1065	60	21	865	1057	98	94	5	17
Nd_1__1077	0	40	132	28	76	345	1	52
Nd_1__1089	7	0	2	2	129	0	0	0
Nd_1__1103	22253	9	91025	62548	2706	51	0	136
Nd_1__1104	24198	47526	110469	21281	228	8326	215	37723
Nd_1__1109	7793	801	7069	4777	4186	11457	432	2443
Nd_1__1112	1979	3	42	0	2322	2	0	13
Nd_1__1130	2001	100	307	58	76	154	1	99
Nd_1__1133	12	0	18	0	306	0	0	35
Nd_1__1136	2	0	6	5	300	9	0	0
Nd_1__1138	3900	181	3016	1524	406	1597	151	723
Nd_1__1139	64498	3239	49594	25174	4037	17040	1224	10373
Nd_1__1141	5	0	14	0	89	38	0	5
Nd_1__1169	961	6	116	22	508	55	4	12
Nd_1__1177	18	0	641	145	374	0	0	0
Nd_1__1188	12	36	440	6	219	78	0	23
Nd_1__1196	29273	1331	13203	11174	3044	7327	1361	3365
Nd_1__1200	11334	24	43252	8918	224	52	0	4
Nd_1__1201	1712	43	41	4	249	5	0	103
Nd_1__1210	403	2	4719	4042	2878	4	0	22
Nd_1__1211	4	0	1598	294	163	0	7	16
Nd_1__1216	2190	30	329	61	53	71	4	14
Nd_1__1229	93	5	74	8	24	7	0	0
Nd_1__124	1085	70	656	83	22	416	23	197
Nd_1__1252	120	24	625	109	43	136	18	43
Nd_1__1266	78	2	341	12	24	7	0	189
Nd_1__1281	2740	3	13944	3453	407	12	157	67
Nd_1__1282	20399	22	35226	32654	360	71	0	135
Nd_1__129	4768	269	4151	2030	766	1955	278	1026
Nd_1__1291	314201	155	274666	18421	256	2	2	0
Nd_1__1302	6	0	1310	890	349	40	10	24
Nd_1__1311	19	35	1789	231	57	711	11	23
Nd_1__1315	138	3	25	77	959	15	3	5838
Nd_1__1319	431	1	15	0	244	0	0	13
Nd_1__1331	0	61	453	0	152	815	0	0
Nd_1__1333	24505	11	13797	60327	2367	0	0	96
Nd_1__1337	1918	155	164	106	143	12	11	827
Nd_1__1359	36231	1661	22594	13330	4564	9323	1117	5044
Nd_1__1361	0	396	83465	19255	354	8	0	0
Nd_1__1373	5269	231	215	235	211	62	11	937
Nd_1__1378	1329	39	24635	5485	831	29	796	76
Nd_1__1380	1299	10	4046	837	14	106	0	0
Nd_1__1394	10568	10	18138	18273	56	6	0	259
Nd_1__1403	201	0	99	111	346	595	24	6
Nd_1__1405	1041	0	2500	756	10	0	0	0
Nd_1__141	14643	37800	1064443	44431	1255	9149	446017	452398
Nd_1__1441	4487	6	4085	5369	164	4	0	0
Nd_1__1450	0	0	25	4	27	80	2	3
Nd_1__1488	185	5	65	73	55	9	0	6
Nd_1__1504	3024	48	1621	2492	3397	1625	0	49
Nd_1__1515	29	36	523	66	59	10	21	6
Nd_1__1523	106958	4887	57640	37745	7386	25193	10534	14815
Nd_1__1526	21840	953	13078	7433	1861	5019	10460	3012
Nd_1__1530	218	1	3540	607	35	12	0	16
Nd_1__154	2828	3	4256	4177	240	4	0	12
Nd_1__1568	515	0	589	82	19	0	0	0
Nd_1__1579	5	23	98	31	46	270	1	30
Nd_1__158	53241	34	142403	17854	6110	25	19	27
Nd_1__1580	13418	680	8350	4678	1302	3332	553	2079
Nd_1__1582	92389	4306	56783	40454	8159	24648	3853	13251
Nd_1__16	73	6	435	19	23	858	17	18
Nd_1__161	8574	0	23928	41403	1193	0	4	45
Nd_1__167	163089	60	164135	9628	11922	6	2	1
Nd_1__169	253	69	28	59	63	68	0	21
Nd_1__193	383	0	843	1758	14	0	0	1
Nd_1__194	35	0	0	0	85	36	13	0
Nd_1__201	18316	757	10934	6736	1296	4199	457	2384
Nd_1__218	33	26	113	8	287	67	2	28
Nd_1__242	11181	516	7826	4946	585	3323	3538	1891
Nd_1__244	489	3	420	950	183	101	199	23
Nd_1__258	6735	328	4322	4077	762	1796	324	992
Nd_1__265	32713	957	14532	13152	2824	5913	2045	3136
Nd_1__281	212478	119	408550	254802	9475	200	41	463
Nd_1__282	0	2	31	11	70	3	2	2
Nd_1__288	258	5	15	49	73	28	0	38
Nd_1__292	206731	10805	156208	96395	18904	68787	53758	35555
Nd_1__3	1845	0	1941	4	79	23	0	0
Nd_1__301	13860	245	21732	13330	1536	2317	1	647
Nd_1__31	53191	11	98097	15608	5855	27	0	23
Nd_1__327	2	5	130	8	49	4	19	5
Nd_1__343	75	0	1093	457	37	0	0	12
Nd_1__35	708	104	1060	173	19	25	5	19
Nd_1__385	39977	1712	24441	15977	2562	10325	4046	5535
Nd_1__393	6122	0	115011	5520	290	0	0	62
Nd_1__406	3055	0	7320	1995	41	0	1	1
Nd_1__411	56	39	269	40	43	53	8	130
Nd_1__424	1	0	13	0	662	0	0	4
Nd_1__426	9604	171	48838	8319	101	2156	5	28
Nd_1__436	0	9	51	5	31	21	1	2
Nd_1__441	262	0	1141	120	70	9	0	475
Nd_1__445	139	0	18	0	220	5	0	12
Nd_1__448	23	189	537	13	69	182	5	264
Nd_1__449	16949	989	14131	9224	1629	5344	626	3256
Nd_1__45	495	1	780	1754	26	0	0	0
Nd_1__455	444	0	537	348	25	0	0	7
Nd_1__458	36	2	1225	884	63	0	0	4
Nd_1__459	124	7	341	100	14	67	7	20
Nd_1__463	506	48	471	183	151	237	0	11
Nd_1__466	0	24	99	189	72	44	33	425
Nd_1__470	527	1	1655	208	2081	0	0	0
Nd_1__473	7	0	38	2	563	24	0	333
Nd_1__495	177	2	2904	1472	2230	66	0	4
Nd_1__508	1109	4947	610	142	174	1461	202	3195
Nd_1__524	25400	1205	15058	10574	2806	6294	786	3774
Nd_1__531	805	23	112	57	289	147	0	42
Nd_1__543	1032	261	2961	410	33	142	30	91
Nd_1__546	82606	5	171	22916	107	0	0	0
Nd_1__547	108	0	46	2	35	68	0	10
Nd_1__557	949	41	2	18	30	4	0	24
Nd_1__574	6557	0	7329	1139	402	0	0	0
Nd_1__577	184	0	245	350	72	30	0	8
Nd_1__59	623	109	1504	195	67	291	22	187
Nd_1__597	24	46	982	40	33	372	5	66
Nd_1__6	4921	460	3993	2598	2862	1839	221	1096
Nd_1__602	27813	0	45028	23052	594	2	0	36
Nd_1__608	1175	135	1678	158	50	453	24	416
Nd_1__617	23	2	3223	367	100	1	7	6
Nd_1__619	369	0	35856	675	907	12	14	5
Nd_1__622	129	33	358	55	20	797	33	2876
Nd_1__647	2881	2	4052	8021	168	0	0	4
Nd_1__678	0	0	30	16	79	0	0	0
Nd_1__68	579	1	704	442	35	0	0	16
Nd_1__692	203	82	3907	77	623	28	0	1
Nd_1__696	942	0	548	380	149	15	0	18
Nd_1__697	21	0	286	14	30	3	0	154
Nd_1__699	18	0	53	120	45	0	0	0
Nd_1__724	91	3	37	80	72	7	0	2
Nd_1__733	0	0	0	0	423	0	0	1
Nd_1__76	13619	12	27955	24503	742	12	49	77
Nd_1__763	91	0	1857	229	50	32	1	10
Nd_1__767	4	4	157	44	152	0	1	4
Nd_1__771	21	1	0	0	348	0	2	0
Nd_1__775	1176	36	1070	1480	603	766	3	41
Nd_1__8	6274	316	3950	2111	707	1403	194	937
Nd_1__804	639	0	1711	3488	53	0	0	7
Nd_1__805	74	5	178	12	46	6	0	1
Nd_1__812	21	0	46	14	31	187	0	0
Nd_1__849	542	109	1107	239	46	134	1	30
Nd_1__865	553	9	12	6	111	2	2	4
Nd_1__866	457	0	707	1596	23	0	0	4
Nd_1__873	10631	616	7025	5271	1575	2805	3523	1805
Nd_1__877	4438	1506	5166	447	149722	1782	4	1157
Nd_1__88	292508	2481	60131	18240	434091	28905	78	4033
Nd_1__882	16	6	463	2	73	10	6	0
Nd_1__885	156	14	1402	82	35	1747	160	47
Nd_1__890	704	10	6309	1603	226	8	17	47
Nd_1__897	130	1	13205	423	507	20	2	36
Nd_1__902	20282	965	11953	8797	2252	7011	505	3362
Nd_1__912	17	0	5	0	68	1	0	1
Nd_1__914	784	160	6793	924	267	5826	132	164
Nd_1__927	84	0	243	38	46	9	0	0
Nd_1__931	36	4	40	8	35	163	0	0
Nd_1__954	13	0	2024	78	45	3	0	1
Nd_1__958	8289	452	4753	4849	739	2062	326	1228
Nd_1__967	9423	405	5712	3997	468	1975	493	1329
Nd_1__973	3	0	4	6	111	0	0	0
Nd_1__98	2249	448	4373	887	326	128	9	53
Nd_1__982	15	14	37	6	16	4	21	55
Nd_1__985	15634	99	13587	2600	1261	0	1	3
Nd_1__988	78	0	906	86	92	4	0	0
Nd_2__1000	314	51	122	9	0	269	42	370
Nd_2__1004	40	688	204	8	23	1802	400	5834
Nd_2__1007	39	1	129	73	0	62	1	1
Nd_2__1028	19905	1088	12366	9592	1262	4907	817	3066
Nd_2__1031	9	109	33	3	0	81	36	652
Nd_2__1046	0	2	2	0	0	152	0	19
Nd_2__1048	0	0	3	6	0	155	0	47
Nd_2__105	53	40	100	14	0	127	0	18
Nd_2__1050	1	9	11	38	0	1416	8	190
Nd_2__1062	32	29	604	113	32	819	175	17
Nd_2__1064	6	16	182	2	2	64	2	22
Nd_2__107	0	0	0	0	0	162	9	4
Nd_2__1079	0	370	23	8	0	4064	0	56
Nd_2__1080	0	35	113	0	0	363	43	104
Nd_2__1092	180	200	505	3392	19204	28203	0	4145
Nd_2__1106	189	10	5	2	2	235	0	17
Nd_2__1107	119	954	78	670	0	39676	43	1199
Nd_2__1112	52	31	7	113	0	103	0	145
Nd_2__1113	0	0	84	41	0	70	16	62
Nd_2__1129	1	12	4	7	0	199	130	11
Nd_2__1136	156	164	2311	705	115	4795	89	50
Nd_2__115	40	22	12	12	0	566	1	50
Nd_2__1154	552	109	76	146	5	297	8	259
Nd_2__1161	1497	35	114	57	219	332	4	54
Nd_2__1163	2275	679	12464	2389	53	11102	3	209
Nd_2__1164	0	63	12	11	0	152	9	225
Nd_2__1169	23	10	19	0	2	61	99	14
Nd_2__1175	0	11	0	0	0	38	0	10
Nd_2__1192	0	23	7	0	0	63	0	2
Nd_2__1197	46	98	114	27	0	1449	9	1286
Nd_2__1201	678	108	621	76	0	2162	2	376
Nd_2__1219	0	0	0	0	0	82	1	22
Nd_2__1228	0	0	0	0	0	67	0	8
Nd_2__123	0	3274	0	0	0	3799	171	9129
Nd_2__1231	35	57	0	4	0	81	0	49
Nd_2__1235	24	7	10	0	1	205	0	25
Nd_2__1245	0	1241	0	0	0	3463	55259	1352
Nd_2__1248	0	28	5	5	0	207	3	285
Nd_2__1249	21	0	10	0	0	182	1	3
Nd_2__1257	8	20	277	42	2	8142	34	5111
Nd_2__127	0	24	4	0	0	60	6	216
Nd_2__1282	1352	19	5112	1337	9	244	2	3
Nd_2__1286	0	142	0	0	0	3101	5	1250
Nd_2__1289	0	79	2	0	0	463	0	0
Nd_2__1290	321267	172	691351	445515	18703	386	70	786
Nd_2__1291	8	1	52	6	0	58	0	13
Nd_2__1313	0	0	23	571	0	131	0	72
Nd_2__132	0	4	31	0	0	103	4	44
Nd_2__1329	68	1283	862	1744	8	2364	994	611
Nd_2__1332	10	8	169	1	0	663	0	13
Nd_2__1337	104	10	37	1	0	592	0	91
Nd_2__134	26	103	59	38	0	180	0	15
Nd_2__1343	0	0	0	0	0	51	0	2
Nd_2__1348	11	8	0	0	0	70	0	4
Nd_2__1352	17	99	343	55	0	1246	11	1980
Nd_2__136	43	30	56	141	1	98	8	113
Nd_2__1380	5	3	86	38	8	30	0	2
Nd_2__1387	53	3269	277	37	0	66704	172	4922
Nd_2__140	7	12	7	14	0	209	2	26
Nd_2__1416	67	3	102	33	0	287	12	133
Nd_2__1420	4	12	0	0	0	135	0	0
Nd_2__1438	0	153	9	1	0	3501	24	67
Nd_2__1457	1	0	15	159	0	58	0	22
Nd_2__1466	0	75	32	10	0	1090	7	9
Nd_2__1470	0	244	34	6	2	5034	0	48
Nd_2__1477	0	3	29	0	0	203	0	255
Nd_2__1489	1642	399	4248	1147	98	9483	1	172
Nd_2__1498	1	98	82	3	5	963	37	1699
Nd_2__1504	0	0	0	0	0	486	0	5
Nd_2__151	236	40	1300	148	79	4457	16	61
Nd_2__1515	0	1	7	0	0	44	0	6
Nd_2__1517	185	62	10	82	0	172	1	99
Nd_2__154	24	0	0	0	0	714	0	0
Nd_2__1557	0	1990	0	0	0	10265	7898	3282
Nd_2__1563	0	51	821	44	0	2849	266	1242
Nd_2__1564	12	32	17	46	1	33	2	4
Nd_2__1571	36	159	141	56	0	8788	2	121
Nd_2__1572	9	18	16	28	0	4711	9	1088
Nd_2__1577	37	4	0	0	0	54	0	0
Nd_2__1585	1856	2	3221	1782	0	40	9	0
Nd_2__1593	424	553	160	778	0	799	0	188
Nd_2__1596	33	2	38	1	0	73	0	11
Nd_2__1612	4	61	34	55	0	153	8	57
Nd_2__1614	129	9	1	4	1	62	0	0
Nd_2__1623	0	1	22	0	0	79	0	1
Nd_2__1624	0	0	0	0	0	133	0	2
Nd_2__1625	4	46	0	7	0	152	8	12
Nd_2__1628	2	20	4	1	0	3811	9	86
Nd_2__1633	0	0	21	0	8	277	0	7
Nd_2__1634	238	8	68	140	201	543	0	71
Nd_2__1639	0	29	46	157	0	56	0	0
Nd_2__1642	39	2	134	38	5	71	210	14
Nd_2__1651	0	184	131	27	0	119	12	19
Nd_2__1653	55	19	0	14	0	37	2	16
Nd_2__1660	0	3	9	1	0	366	4	3
Nd_2__1687	379	1031	71	2150	0	14909	32	2414
Nd_2__1691	12	5	0	9	0	280	0	9
Nd_2__1692	39	6	66	2	2	129	0	0
Nd_2__1694	117	72	1391	143	2	1836	5	15
Nd_2__1695	0	4	75	0	0	79	0	1
Nd_2__1698	0	332	20	0	0	158	75	7274
Nd_2__1701	30	7	205	27	1	377	142	180
Nd_2__1707	121	0	29	4	1	125	0	0
Nd_2__1711	49	18	323	43	0	945	769	121
Nd_2__1712	0	1	0	0	0	77	0	0
Nd_2__1716	49	20	35	10	2	80	3	98
Nd_2__1736	26	109	49	7	0	45	2	98
Nd_2__1749	364	19	163	254	6	40	0	1
Nd_2__1760	0	6	0	37	0	128	8	118
Nd_2__1768	1	33	18	3	0	380	9	3
Nd_2__1779	0	30	28	0	0	158	2	2
Nd_2__1781	163	35	635	28	1	127	12	43
Nd_2__1795	451	78	345	86	3	241	69	841
Nd_2__1807	103	768	490	58	1	31698	338	234
Nd_2__1823	0	0	72	12	0	129	1	49
Nd_2__1824	0	0	0	0	0	61	0	30
Nd_2__1826	3	8	17	38	0	433	0	242
Nd_2__183	50	6	15	4	0	121	2	334
Nd_2__1846	0	14	71	66	0	88	0	73
Nd_2__1853	1	1	28	14	0	40	0	0
Nd_2__1854	31	0	49	62	3	86	2	9
Nd_2__186	10185	5395	10758	1344	0	3655	2862	542
Nd_2__1862	58	97	391	81	0	4201	0	37
Nd_2__1866	0	49	10	15	0	104	39	121
Nd_2__1869	3767	842	2316	283	13	1336	299	4981
Nd_2__1888	21	32	2	11	0	59	3	126
Nd_2__189	60	264	45	82	7	1680	8	140
Nd_2__1891	0	5	0	0	0	59	32	5
Nd_2__1897	35	0	68	29	0	208	0	0
Nd_2__1898	0	7	4	2	0	94	8	96
Nd_2__191	6	58	162	45	1	20653	63	8793
Nd_2__1911	0	6	0	0	0	79	0	0
Nd_2__1913	110	9	14	376	0	95	8	8
Nd_2__1916	909893	31878	1467227	487114	16729	82634	2663	180430
Nd_2__192	0	198	2	0	0	308	822	141
Nd_2__193	0	158	1	1	0	4071	1	139
Nd_2__1931	0	215	100	59	0	1267	92	291
Nd_2__1939	2535	116	150	1	0	540	6249	36
Nd_2__1940	25338	1290	13483	10376	3159	6450	1410	3033
Nd_2__1946	0	28	31	1	0	9606	44	1136
Nd_2__1957	0	140	98	122	0	492	39	769
Nd_2__196	0	46	0	0	0	726	10	40
Nd_2__1961	0	4	0	1	0	173	0	14
Nd_2__1975	8510	307	10488	295	32	7471	599	2131
Nd_2__1977	0	23	149	26	0	935	0	62
Nd_2__1978	0	0	0	4	0	87	0	0
Nd_2__1983	0	10	113	115	0	21	0	0
Nd_2__1989	0	9	0	53	0	276	1	4
Nd_2__1992	0	0	0	0	0	208	10	2
Nd_2__200	10	403	2429	945	0	959	0	0
Nd_2__2029	4	0	18	12	0	119	0	0
Nd_2__2030	4	74	28	377	0	2143	152	513
Nd_2__2039	0	0	3	0	0	85	1	2
Nd_2__2040	0	0	0	2	0	242	0	59
Nd_2__2049	4	291	30	4	0	2305	4	2566
Nd_2__2076	0	113	21	0	0	97	79	14
Nd_2__2084	0	0	297	12	0	918	0	13
Nd_2__2105	0	0	0	0	0	110	0	0
Nd_2__2111	7	41	61	17	0	112	0	8
Nd_2__2112	0	3	1	0	0	190	8	2
Nd_2__2133	89	151	205	335	51	18590	322	109
Nd_2__2137	1	2	12	0	0	374	15	6
Nd_2__2139	2	8	17	1	0	161	41	25
Nd_2__2141	0	6	1	2	1	112	36	8
Nd_2__2148	186	43	127	15	2	82	5	555
Nd_2__2152	0	65	12	0	0	152	12	62
Nd_2__2158	12	612	44	5	0	17129	77	1296
Nd_2__2163	0	3	0	2	0	90	69	19
Nd_2__2176	0	0	0	0	0	73	1937	8
Nd_2__2178	220	769	1707	2573	9	1612	7629	569
Nd_2__2186	0	46	17	1	0	461	3	1
Nd_2__2191	0	26	0	0	0	102	3	37
Nd_2__2202	0	9	0	0	0	1138	1	133
Nd_2__2226	211	9	24	0	0	34	0	8
Nd_2__2235	51	5	56	4	1	24	0	0
Nd_2__2251	1	4	2	24	1	167	6	49
Nd_2__2254	50	1	217	13	10	26	0	118
Nd_2__2262	0	0	0	14	0	74	0	0
Nd_2__2263	0	63	3	0	0	191	0	0
Nd_2__2265	69	0	35	8	0	157	0	2
Nd_2__2267	0	5618	579	5	0	10324	433	561962
Nd_2__2300	0	19	7	0	0	26647	9	77
Nd_2__2301	0	95	12	5	0	750	49	156
Nd_2__2303	1	249	28	21	0	699	16	349
Nd_2__2306	0	63	0	0	0	560	61	265
Nd_2__2309	0	2	0	0	0	60	136	11
Nd_2__2323	1	0	1	2	0	134	0	27
Nd_2__2330	0	4	0	0	0	70	0	175
Nd_2__2350	9	18	209	5	18	252	1	34
Nd_2__2351	5	11	4	23	0	102	9	2
Nd_2__2357	2	544	24	1123	0	817	0	60
Nd_2__2362	14	23	9	18	0	17	0	20
Nd_2__2364	0	42	38	116	0	1269	88	550
Nd_2__2367	0	0	0	0	0	173	0	0
Nd_2__2370	0	48	1	25	0	81	18	95
Nd_2__2377	0	4	6	0	0	164	0	2
Nd_2__238	0	15	10	2	0	414	2180	586
Nd_2__2403	0	3	0	0	0	77	0	176
Nd_2__2418	0	14	120	1	0	4609	2	209
Nd_2__243	85	326	7808	62	1	3164	143	2293
Nd_2__2437	13	24	48	3	0	120	0	30
Nd_2__2444	0	0	0	0	0	43	0	4
Nd_2__2457	0	0	0	0	0	33	368	6
Nd_2__2459	0	0	1	1	0	69	0	1
Nd_2__2461	45	10	321	24	0	228	0	64
Nd_2__2463	0	4	0	0	0	396	0	0
Nd_2__2466	58	14	199	146	0	470	3	60
Nd_2__2475	0	2	0	0	0	127	0	0
Nd_2__248	41	51	226	13	1	7179	9	1227
Nd_2__2493	721	54	113	458	2	566	477	51
Nd_2__2495	6	1013	80	6	0	13405	28	136
Nd_2__2496	0	3	62	0	0	172	0	1
Nd_2__2497	0	0	0	0	0	127	0	44
Nd_2__2508	4	131	0	0	0	560	21	19
Nd_2__2510	43	19	108	103	9	55	0	23
Nd_2__2528	2852	542	2907	2193	1688	9975	317	1599
Nd_2__2542	169	2	4	0	0	557	1	0
Nd_2__2549	134	13	77	53	0	539	35	232
Nd_2__2557	0	0	0	0	0	117	0	0
Nd_2__2562	1101	124	149	1285	24	1090	4	93
Nd_2__2566	0	33	41	35	0	98	1	130
Nd_2__2586	0	92	13	0	0	175	9	217
Nd_2__2594	0	0	44	27	0	29	0	6
Nd_2__2597	0	0	0	0	0	120	0	0
Nd_2__2636	0	1	0	137	0	74	0	2
Nd_2__2638	69	29	22	48	4	195	17	76
Nd_2__2642	91	27	23	19	0	130	0	0
Nd_2__265	1838	279	1585	176	37	2270	219	995
Nd_2__2650	826	36	11	145	36	1244	4	78
Nd_2__2671	29	61	180	32	0	240	5	35
Nd_2__2679	12	199	5	23	0	2632	14	6980
Nd_2__2685	0	0	17	6	0	83	0	2
Nd_2__269	5	31	32	5	2	611	4	368
Nd_2__2692	113914	4340	64632	46489	17348	27921	6129	15425
Nd_2__2696	0	1595	13	37	0	5119	65	40
Nd_2__2698	59	1905	1047	2607	3	4097	4	425
Nd_2__2699	0	105	0	27	0	391	0	0
Nd_2__2702	252	347	1112	868	80	28659	375	316
Nd_2__2719	92	11	19	87	0	90	48	4
Nd_2__2726	0	0	0	0	0	506	0	1
Nd_2__2728	0	9	0	0	0	558	0	45
Nd_2__2729	88	0	1087	43	0	33	0	0
Nd_2__2741	0	0	0	0	0	155	0	26
Nd_2__2745	1	38	3	142	0	181	0	6
Nd_2__2753	27	14	8	38	7	52	2	30
Nd_2__276	0	26	4	215	0	204	0	59
Nd_2__2770	0	2	0	0	0	76	0	1
Nd_2__2779	3	36	5	18	0	452	0	288
Nd_2__279	0	1	0	0	0	154	0	0
Nd_2__2803	1	0	245	102	0	323	0	121
Nd_2__281	27	44	106	19	12	158	38	19
Nd_2__2813	1	0	0	6	0	89	9	3
Nd_2__2821	0	43	137	58	0	580	0	0
Nd_2__2824	298	40	78	13	0	132	9	108
Nd_2__2826	16	4	50	2	21	1235	25	320
Nd_2__2833	12	22	343	52	0	192	2	66
Nd_2__2840	0	34	2	0	0	12519	129	21919
Nd_2__2848	24	15	484	3350	0	741	31	1179
Nd_2__2849	816	52	4098	400	165	12341	295	96
Nd_2__2853	0	44	2	0	0	166	1	230
Nd_2__2857	0	0	0	0	0	276	0	0
Nd_2__286	9	23	57	22	5	79	1	21
Nd_2__2860	25	21	19	56	0	23	3	5
Nd_2__2870	2	4	0	0	0	115	50	25
Nd_2__2889	0	30	2	15	0	47	6	55
Nd_2__29	86	45	419	83	9	2046	38	45
Nd_2__2904	0	44	42	0	0	406	33	59
Nd_2__2905	48	411	132	46	0	4950	675	845
Nd_2__291	1	1	5	0	0	1398	0	0
Nd_2__2910	4	27	83	9	0	1358	6	927
Nd_2__2918	0	0	0	0	0	168	0	0
Nd_2__2923	0	4	0	0	0	85	4	0
Nd_2__2924	0	0	0	0	0	20	477	11
Nd_2__2934	98	3646	305	38	0	5069	41	1643
Nd_2__2965	120	38	36	0	0	79	36	2
Nd_2__2975	368	137	273	39	4	476	93	999
Nd_2__2977	1162	1	2366	914	3	25	9	1
Nd_2__298	0	48	14	14	27	5768	25	1190
Nd_2__2984	31	0	78	6	0	112	1	3
Nd_2__3002	2	25	100	13	0	174	0	282
Nd_2__3004	9	0	25	4	0	233	135	75
Nd_2__3012	510	453	532	253	152	1205	812	1315
Nd_2__3018	9	25	42	8	8	111	22	53
Nd_2__3025	0	228	0	37	0	933	18	1896
Nd_2__3030	19	1019	249	74	1	3964	2	280
Nd_2__3031	0	695	228	0	0	2039	0	161
Nd_2__3033	32	73	30	34	13	7027	6337	84
Nd_2__3041	0	0	0	0	0	221	0	0
Nd_2__3044	48	58	394	61	0	19966	23	92
Nd_2__3047	0	0	0	53	0	48	3	8
Nd_2__3050	0	2	10	0	0	157	0	0
Nd_2__3052	2	79	150	0	0	105	2116	10
Nd_2__3078	14	71	73	23	6	410	7	83
Nd_2__308	2	9	7	2	0	510	82	60
Nd_2__3089	56	35	90	20	2	13054	5	168
Nd_2__3100	1	26	16	23	0	385	0	2
Nd_2__3119	0	4	122	61	0	159	3	18
Nd_2__3135	115	34	89	46	4	78	12	99
Nd_2__3139	1	66	73	6	0	35923	0	209
Nd_2__3140	1495	666	3189	830	31	2756	93	9904
Nd_2__3150	0	11	0	0	0	38	7	219
Nd_2__3154	66	5	2	0	3	233	0	19
Nd_2__3157	117	17	402	71	12	187	11	46
Nd_2__3163	0	30	11	40	0	87	0	80
Nd_2__3166	55	1	137	41	13	27	0	8
Nd_2__317	36	8	221	168	0	180	1	39
Nd_2__3170	0	307	40	2	0	31	80	142
Nd_2__3175	0	29	20	44	0	930	59	157
Nd_2__318	23	219	284	57	1	2763	6	737
Nd_2__3181	74	172	18	13	0	7878	1	22
Nd_2__3182	0	0	0	0	0	60	0	0
Nd_2__3186	43	18	91	20	1	14	0	25
Nd_2__32	26	10	48	22	5	35	6	4
Nd_2__3200	2	38	1	0	0	71	0	71
Nd_2__3209	0	0	0	0	0	153	0	1
Nd_2__3212	1297	210	5572	1079	17	1443	10	1491
Nd_2__3214	436	11	409	380	514	1342	44	15
Nd_2__3215	12	3	18	4	0	34	0	15
Nd_2__3216	2	9	154	6	0	219	0	2
Nd_2__3218	0	7	2	0	0	161	0	21
Nd_2__3223	0	0	2	4	0	294	0	5
Nd_2__3232	0	85	0	0	0	3544	2	89
Nd_2__3241	173	14	24	16	0	226	2	19
Nd_2__3242	85	19	55	65	0	148	23	12
Nd_2__3259	17	7	33	6	15	434	15	39
Nd_2__3268	11	19	14	175	0	131	0	412
Nd_2__3275	4	31	189	26	0	42	4	4
Nd_2__3295	0	91	0	0	0	34	0	27
Nd_2__3310	15	0	13	5	0	218	0	2
Nd_2__3314	202	218	257	70	16	12361	80	186
Nd_2__3326	104	26	185	11	0	287	0	44
Nd_2__3327	3	8	2	4	0	2221	1227	2845
Nd_2__3336	0	23	49	42	0	1014	72	147
Nd_2__3344	0	9	16	0	0	103	0	75
Nd_2__3349	6	49	66	7	0	442	32	156
Nd_2__3353	20	33	184	70	0	6449	10	791
Nd_2__3357	67	40	23	9	0	827	23	201
Nd_2__3374	1457	9	6282	437	1	1194	4	67
Nd_2__3381	2675	15	4219	3030	19	64	3	2
Nd_2__339	0	0	16	0	0	140	23	26
Nd_2__3397	28	273	31	3	0	9494	11	20
Nd_2__3409	136	30	44	156	6	129	0	91
Nd_2__3415	0	43	5	0	0	167	0	21
Nd_2__3419	68	10	104	10	0	43	17	15
Nd_2__3433	43	23	30	0	0	75	0	11
Nd_2__3435	6	0	1035	11	0	24	0	0
Nd_2__3437	0	0	0	0	0	109	0	0
Nd_2__3439	9	5	80	13	5	52	0	38
Nd_2__3440	0	16	91	33	4	22	0	51
Nd_2__3467	2	0	14	69	4	138	0	2
Nd_2__3474	0	3	14	2	6	129	0	73
Nd_2__348	0	0	0	7	0	76	0	0
Nd_2__3480	3041	117	1355	284	155	903	39	667
Nd_2__3493	0	1	1	3	0	106	0	6
Nd_2__3496	37	184	28	97	9	778	6	51
Nd_2__3507	52	21	320	13	0	144	0	92
Nd_2__3516	40	3	88	0	0	97	25	22
Nd_2__3517	3	140	209	14	31	230	5	227
Nd_2__3518	19	12	0	15	0	86	4	0
Nd_2__3519	4	10	88	14	4	2242	25	333
Nd_2__3534	0	215	8	0	0	248	0	2
Nd_2__3536	0	5	4	49	0	39	0	6
Nd_2__3538	0	0	0	0	0	116	0	21
Nd_2__3546	8	4	3	0	8	131	0	1
Nd_2__3549	64	2	3	0	0	348	0	0
Nd_2__3552	15599	901	14728	6646	457	3397	559	3212
Nd_2__3563	141	6	33	27	1	294	1	26
Nd_2__3566	6	148	26	15	51	235	3	93
Nd_2__3571	9	46	10	16	15	37	8	149
Nd_2__3579	108	108	25	6	0	70	7	617
Nd_2__3599	20	81	2257	16	0	659	20	98
Nd_2__3600	2316	5	3959	3312	59	126	0	70
Nd_2__3601	42	0	11	27	0	73	0	13
Nd_2__361	0	1440	0	0	0	17742	0	67
Nd_2__3622	0	219	8	36	0	363	2	0
Nd_2__3629	727	57	26	479	12	333	0	44
Nd_2__3630	0	3	0	3	0	353	0	1
Nd_2__3639	29	8	209	28	2	431	2	130
Nd_2__3642	0	3	11	0	0	58	0	7
Nd_2__3649	69	135	176	32	6	35293	453	73856
Nd_2__3655	282	14	8	32	1	35	2	8
Nd_2__3671	0	5	26	1	0	39	2	9
Nd_2__3672	27	0	0	167	0	69	0	202
Nd_2__3674	0	3	145	15	0	29	0	42
Nd_2__3675	4	35	28	4	0	107	0	9
Nd_2__3684	2028	58	3906	2443	35	1645	3	62
Nd_2__3687	9	2	0	11	0	123	2	21
Nd_2__369	0	31	0	0	0	300	0	12
Nd_2__3698	0	139	5	267	0	1579	21	599
Nd_2__3704	3	9	3	1	0	3393	4	652
Nd_2__3710	10080	406	5164	3675	1750	2135	151	1372
Nd_2__3713	0	43	0	0	0	424	48	71
Nd_2__3718	0	70	11	0	0	346	0	11
Nd_2__3726	2	0	0	0	0	103	0	1
Nd_2__373	69	282	196	161	28	43699	75	101
Nd_2__3731	0	3	0	2	0	251	3637	126
Nd_2__3749	299	23	65	472	5	121	0	29
Nd_2__3750	0	0	0	0	0	124	0	0
Nd_2__377	0	17	0	1	0	2341	0	1398
Nd_2__3770	3	4	7	6	0	107	16	1
Nd_2__3791	0	17	2	0	0	179	20	15
Nd_2__380	0	171	4	2	0	4219	17	36
Nd_2__3813	0	0	0	0	0	102	0	0
Nd_2__3815	0	31	78	5	0	34	0	15
Nd_2__3821	0	41	73	0	0	147	0	35
Nd_2__3832	2029	312	1721	1220	1223	7178	37	1002
Nd_2__3835	19945	1017	16132	7983	3874	8538	1104	3932
Nd_2__3841	28	19	16	2	0	240	0	40
Nd_2__3843	0	0	0	0	0	166	0	0
Nd_2__386	533	20	443	24	60	5666	2	297
Nd_2__3860	0	14	16	0	0	69	0	13
Nd_2__3862	11000	482	6383	3925	857	2495	389	1363
Nd_2__3867	115	3	72	47	37	216	0	15
Nd_2__3871	161	85	231	360	1	196	0	28
Nd_2__3875	9	16	60	99	3	167	0	0
Nd_2__3909	32	11	15	20	14	31	0	0
Nd_2__3917	0	7	0	0	0	149	652	0
Nd_2__392	0	196	45	5	0	6522	3	161
Nd_2__3930	0	48	88	0	0	74	1539	3
Nd_2__3931	0	166	0	5	0	3599	4	201
Nd_2__3933	18	23	240	6	0	2227	6	774
Nd_2__3934	2	5	0	209	0	74	0	2
Nd_2__3935	11	58	14	41	0	84	65	20
Nd_2__3940	9	0	0	244	0	77	0	146
Nd_2__3956	0	4	0	0	0	113	12	61
Nd_2__3967	8	94	84	50	0	1380	14	1474
Nd_2__3969	0	1	0	0	0	250	0	1670
Nd_2__3970	73	39	87	43	0	1333	4	542
Nd_2__3973	16	5	35	0	0	52	0	10
Nd_2__3984	2156	112	6	192	63	1976	0	89
Nd_2__3991	0	1040	62	500	0	1143	646	506
Nd_2__3995	29	40	808	20	0	416	0	29
Nd_2__3998	68	150	1	1	0	231	78	38
Nd_2__3999	0	41	2	0	0	106	2	6
Nd_2__4007	9	0	1	2	0	33	0	11
Nd_2__401	39	8	2	23	2	18	0	8
Nd_2__4010	0	11	6	0	0	908	4	870
Nd_2__402	0	16809	1181	1059	0	5345	68	85421
Nd_2__4021	727	116	1729	252	10	322	45	478
Nd_2__4026	0	177	0	0	0	1413	0	115
Nd_2__4034	115	15	31	35	26	48	0	21
Nd_2__4035	8	6	109	180	0	38	0	0
Nd_2__4037	201	43	8	8	2	2692	21	5351
Nd_2__404	863	7	35	0	0	2066	0	0
Nd_2__4045	2	2	0	4	0	41	0	0
Nd_2__4049	2	55	50	104	0	6199	25	5495
Nd_2__4071	0	0	0	0	0	166	38	0
Nd_2__4085	24	1027	627	2694	2	3737	3159	935
Nd_2__4091	0	2	28	29	0	208	0	5
Nd_2__4116	0	0	21	0	0	527	9	0
Nd_2__4129	0	9	4	36	0	1269	0	152
Nd_2__4147	17	16	305	35	7	61	2	8
Nd_2__4150	19	13	21	6	0	79	3	109
Nd_2__4157	353	6	22	13	0	95	0	38
Nd_2__4158	0	0	0	0	0	258	0	0
Nd_2__4166	0	1	0	0	0	47	269	29
Nd_2__4171	0	126	2	0	0	1591	0	2
Nd_2__4174	0	5	7	0	0	2457	251	7708
Nd_2__4202	0	6	0	3	0	2083	223	65
Nd_2__4211	0	238	23	2	0	44	40	88
Nd_2__4224	159	9	16	201	0	82	22	8
Nd_2__4228	4	3	0	0	0	45	0	6
Nd_2__423	13	161	242	310	0	296	6	10
Nd_2__4247	0	0	2	0	0	51	2	19
Nd_2__425	4	47	22	2	0	3318	52	965
Nd_2__4272	0	30	4	0	0	338	125	71180
Nd_2__4280	0	70	0	0	0	1303	0	11
Nd_2__4287	56	37	73	55	0	70	16	25
Nd_2__4292	0	0	0	0	0	59	0	0
Nd_2__4293	1	587	12	1	0	546	22	1
Nd_2__4294	0	2	2	0	0	52	0	30
Nd_2__4295	0	16	0	0	0	3269	0	2
Nd_2__4296	109	2	24	0	0	60	0	12
Nd_2__4301	777	377	3075	16822	0	1029	113	3
Nd_2__4306	0	0	0	0	0	44	1	0
Nd_2__431	0	2	1	0	0	286	27	133
Nd_2__4314	3	43	11	4	2	4572	28	161
Nd_2__4321	26	44	94	2	6	181	0	90
Nd_2__4332	44	15	24	269	0	72	0	19
Nd_2__4348	44	12	82	17	0	102	0	12
Nd_2__435	0	15	0	7	0	125	8	54
Nd_2__4374	0	0	0	23	0	93	51	6
Nd_2__438	2	0	3241	15227	0	708	0	876
Nd_2__4382	9	14	45	21	0	83	239	26
Nd_2__4389	2	19	33	10	4	414	1	216
Nd_2__4397	2	1	166	25	0	169	2	23
Nd_2__4399	45	33	56	11	0	114	37	183
Nd_2__4400	0	12	0	0	0	5391	12	93
Nd_2__4402	72	20	45	5	0	32	52	18
Nd_2__4418	5	55	84	26	1	112	27	47
Nd_2__4419	14	2424	101	2309	7	96	2	157
Nd_2__4421	18	147	15	76	21	885	33	293
Nd_2__4444	0	0	4	22	0	55	160	44
Nd_2__4454	0	0	4	0	0	96	0	11
Nd_2__4456	0	0	0	0	0	117	0	0
Nd_2__4459	197	46	169	2	0	114	98	12572
Nd_2__447	542	58	206	40	2	151	25	875
Nd_2__4475	60	3	0	0	0	95	0	0
Nd_2__4476	796	106	516	74	16	328	2	302
Nd_2__449	827	472	282	556	29	336	0	32
Nd_2__4490	14114	697	9301	6710	2207	5217	1270	2783
Nd_2__4497	0	299	0	2	0	614	901	261
Nd_2__4505	106	20	40	353	1	196	1	94
Nd_2__4516	1	2	515	14	0	122	20	17
Nd_2__454	4	1421	54	2874	0	4920	2076	1452
Nd_2__4544	0	62	7	7	0	902	31	35
Nd_2__4560	0	2	0	2	0	136	0	0
Nd_2__4565	38	65	4	4	0	4739	4	494
Nd_2__4570	8112	433	5377	2883	714	2250	450	1284
Nd_2__4572	4377	73	2769	4442	4103	2637	0	99
Nd_2__4577	3	9	181	14	0	36	0	37
Nd_2__4595	33	3	60	2	0	35	0	19
Nd_2__4597	0	7	16	41	0	167	0	2
Nd_2__4599	0	0	2	0	0	138	0	49
Nd_2__4628	1	12	14	25	1	2112	255	54
Nd_2__463	0	250	1105	0	207	2149	0	0
Nd_2__464	2	4	936	595	0	113	1	10
Nd_2__4642	2	45	27	6	0	167	3	178
Nd_2__4643	5	7	34	13	0	88	23	84
Nd_2__4646	0	0	0	0	0	73	0	0
Nd_2__4649	0	37	0	0	0	398	3	2
Nd_2__465	0	163	6	0	0	625	816	59
Nd_2__4657	6	8	159	7	0	38	0	4
Nd_2__4660	0	47	0	0	0	52	0	0
Nd_2__4664	2038	0	1262	8	21	26	0	0
Nd_2__4675	0	0	0	0	0	82	0	0
Nd_2__4689	901	54	3525	858	5	2287	1	35
Nd_2__4714	27	4	33	0	1	122	0	12
Nd_2__4721	18	13	780	12	0	243	33	35
Nd_2__4736	0	4	0	0	0	571	38	0
Nd_2__4744	549	53	7751	876	7	5009	0	238
Nd_2__4746	26	28	12	25	0	1362	0	8
Nd_2__475	71	308	89	33	1	205	56	77
Nd_2__4778	0	0	0	0	0	96	0	33
Nd_2__4779	0	562	840	0	0	109	827	162
Nd_2__4782	615	93	2081	404	45	420	72	178
Nd_2__4790	0	8	2	0	0	61	2	119
Nd_2__4804	167	10	0	0	2	247	0	17
Nd_2__4810	7	37	11	15	0	432	2	278
Nd_2__4818	246	30	53	188	25	144	0	12
Nd_2__4821	12	2	0	11	0	92	0	49
Nd_2__4826	99	5	30	2	0	573	0	178
Nd_2__4846	0	0	0	0	0	72	0	0
Nd_2__486	0	8	48	4	0	49	0	14
Nd_2__4864	20	39	44	51	1	57	1	9
Nd_2__4865	4	55	0	0	0	44	1	9
Nd_2__4871	487	6	1989	377	33	69	714	26
Nd_2__4880	46	34	304	45	26	2158	8	227
Nd_2__4882	21	8	47	6	0	35	0	13
Nd_2__4886	115	0	2	12	0	147	1	0
Nd_2__4892	0	5	3	1	0	175	0	1
Nd_2__4896	0	13	11	3	0	433	14	71
Nd_2__4907	268	29	196	133	14	370	0	64
Nd_2__4913	25	65	72	22	0	2513	2	52
Nd_2__4918	5	3	162	8	0	64	0	4
Nd_2__4929	93	0	80	103	2	268	1	38
Nd_2__4937	0	0	0	0	0	107	0	28
Nd_2__4940	13	1	74	28	0	295	19	19
Nd_2__4951	0	1	16	0	0	210	0	19
Nd_2__4955	0	32409	3783	1401	0	211	4687	3626
Nd_2__4963	0	150	2	4	0	423	86	232
Nd_2__4984	232	320	101	158	0	4955	467	192
Nd_2__4985	106	44	55	19	0	68	10	72
Nd_2__4991	18	4	355	2	0	532	3	12
Nd_2__4999	33	11	28	2	0	31	6	48
Nd_2__5000	0	4	0	0	0	48	429	19
Nd_2__5007	44	5	158	34	95	541	2	8
Nd_2__5016	28	69	37	2	0	14963	4	6
Nd_2__5023	0	37	6	1	0	85	28	11
Nd_2__5025	10	68	0	0	0	64	0	0
Nd_2__5026	19	59	0	0	2	110	24	12
Nd_2__5040	25	1	28	0	5	88	0	29
Nd_2__5045	63	7	72	97	0	193	1	21
Nd_2__5047	78	105	32	0	0	8028	0	15
Nd_2__5052	179	12	5	108	0	73	16	14
Nd_2__5053	54	15	154	8	1	55	50	32
Nd_2__5055	0	94	0	0	0	95	0	4
Nd_2__5070	0	0	0	0	0	113	0	2
Nd_2__5078	0	0	1	0	0	303	0	36
Nd_2__5080	0	2	81	23	0	396	14	32
Nd_2__5081	10	1	166	108	0	1131	0	22
Nd_2__5092	72	9	104	30	4	468	1	0
Nd_2__51	0	0	0	0	0	70	31	0
Nd_2__5105	0	155	24	0	0	15	45	194
Nd_2__5118	0	0	0	2	0	208	11	19
Nd_2__5121	0	59	0	487	0	368	7	8
Nd_2__5129	4	24	6	1	0	58	56	13
Nd_2__5138	0	0	0	5	0	126	2	39
Nd_2__515	12	112	6	6	0	361	4	782
Nd_2__5154	20	19	238	220	0	354	19	305
Nd_2__5160	10	14	332	349	1	124	0	47
Nd_2__5162	0	298	1	0	0	2402	3965	1426
Nd_2__5166	138	19	20	249	17	1138	1	4
Nd_2__5167	0	0	0	0	0	86	0	0
Nd_2__517	0	17	24	6	0	579	5	8
Nd_2__5170	0	0	0	0	0	57	0	0
Nd_2__5179	0	5	0	0	0	182	0	9
Nd_2__5185	0	0	0	0	0	175	0	0
Nd_2__5197	0	37	2	6	0	351	104	13
Nd_2__5200	90	16	498	755	0	192	6	366
Nd_2__5207	172	15	3407	110	11	469	6	2
Nd_2__5216	11	212	31	36	13	1157	22	74
Nd_2__5224	4	1	4	0	0	44	13	106
Nd_2__5248	18	237	58	23	0	2038	865	432
Nd_2__525	90	11	611	82	0	664	15	68
Nd_2__5250	0	6916	247	2	0	242	137	4178
Nd_2__5256	95	33	447	109	38	271	0	1480
Nd_2__5271	1	0	11	0	1	263	0	42
Nd_2__5273	11	16	1531	50	2	468	16	114
Nd_2__5275	0	100	0	0	0	895	0	16
Nd_2__5286	0	0	0	0	0	174	0	0
Nd_2__5287	13	18	9	6	1	92	20	0
Nd_2__5291	0	10	55	0	0	224	3	5
Nd_2__5312	0	51	4	18	2	12	19	176
Nd_2__5324	0	6	5	1	0	151	2	43
Nd_2__5331	74	18	162	25	2	115	14	43
Nd_2__5334	33	42	73	10	0	87	3	46
Nd_2__5347	0	0	0	0	0	42	447	2
Nd_2__5363	1	648	211	335	0	1727	0	230
Nd_2__5370	0	0	2	0	0	209	0	0
Nd_2__5371	216	0	2	0	0	150	5	14
Nd_2__5379	0	3	0	0	0	58	14	5
Nd_2__538	32	19	5	38	1	599	12	38
Nd_2__5393	1291	8525	1610	523	1	4913	2194	4725908
Nd_2__5399	0	31	0	0	0	639	0	72
Nd_2__5406	0	23	42	12	0	312	1	626
Nd_2__5409	0	0	0	0	0	103	2	17
Nd_2__541	88	351	4984	183	0	4345	81	1651
Nd_2__5410	70	3	27	3	0	55	1	4
Nd_2__5411	0	26	35	87	2	51	2	4
Nd_2__5412	0	1	7	40	0	173	26	43
Nd_2__5416	0	6	2	0	0	71	0	1
Nd_2__5421	0	0	0	0	0	119	0	0
Nd_2__5436	0	20	0	0	0	561	350	60
Nd_2__5442	7	43	44	4	0	3893	3	388
Nd_2__5444	0	3	24	31	0	32	28	15
Nd_2__5446	287	34	823	25	0	326	0	59
Nd_2__5450	11	1184	0	0	0	2177	0	961
Nd_2__5453	7	60	227	66	13	23	22	4
Nd_2__5458	0	24	62	0	0	434	13	1029
Nd_2__546	0	0	73	0	0	19	0	69
Nd_2__5467	5	4	2	5	0	171	34	85
Nd_2__5468	0	1	0	4	0	398	0	0
Nd_2__5475	0	5	3	0	0	297	79	58
Nd_2__548	0	178	0	0	0	206	0	8
Nd_2__5483	76	16	418	17	1	194	6	118
Nd_2__5487	622	108	64	4	0	116	26	48
Nd_2__5489	9	0	4	7	0	121	6	15
Nd_2__5494	0	0	0	0	0	134	20	1
Nd_2__5495	0	0	0	0	0	340	0	109
Nd_2__5499	0	0	0	0	0	639	0	486
Nd_2__550	0	3	8	0	0	36	0	41
Nd_2__5505	2	1	5	10	0	60	14	5
Nd_2__5507	28	0	69	41	0	443	0	2
Nd_2__5513	12666	585	8605	4923	936	3666	347	1974
Nd_2__5514	0	0	3	0	0	71	4	8
Nd_2__5521	0	98	6	52	0	69	42	93
Nd_2__5523	0	2	0	0	0	96	0	0
Nd_2__5529	3749	115	1895	4635	253	733	205	49
Nd_2__5541	16	0	40	5	0	58	0	13
Nd_2__5546	0	33	156	0	0	9874	32	8061
Nd_2__5554	0	758	0	8	0	9014	183	14741
Nd_2__5555	204	27	246	110	0	305	44	24
Nd_2__5570	0	6	103	48	0	37	0	4
Nd_2__5574	63	76	10	12	0	5352	83	9874
Nd_2__5575	20	26	10	0	0	2259	7	2462
Nd_2__5581	21	21	214	6	12	143	2	21
Nd_2__5583	43	13	1	0	0	108	2	180
Nd_2__5591	758	2	47	109	27	191	4	22
Nd_2__5600	0	17	6	0	0	807	0	28
Nd_2__5612	0	6	0	7	0	3730	321	4097
Nd_2__5613	152	4	960	55	2	238	17	30
Nd_2__5615	0	0	0	0	0	71	0	0
Nd_2__5616	0	2	0	0	0	55	0	0
Nd_2__5618	0	0	0	0	0	249	0	14
Nd_2__5619	0	2	0	2	0	240	0	9
Nd_2__5635	143	52	18	77	38	90	9	19
Nd_2__5656	14	30	59	6	1	13280	107	22136
Nd_2__5662	107	11	286	81	0	330	0	90
Nd_2__5670	0	0	0	0	0	569	0	1
Nd_2__568	0	8	2	4	0	1217	2	244
Nd_2__569	2502	11	4019	2518	8	49	42	6
Nd_2__5697	50	1	59	60	40	117	132	0
Nd_2__57	0	14295	2613	112	13	22167	3119	1799
Nd_2__5700	11	0	92	4	0	6914	0	4
Nd_2__571	19822	4096	293918	16051	193	11378	787	794963
Nd_2__5714	1	0	0	2	0	2650	0	0
Nd_2__5716	0	2	0	0	0	847	0	0
Nd_2__5719	19	131	27	72	1	59	0	108
Nd_2__5723	95078	4201	49518	44004	9985	21893	6061	12598
Nd_2__5726	2	1	0	0	0	63	78	5
Nd_2__5732	6115	4380	1517	33733	0	162097	665	115457
Nd_2__5734	0	0	0	1	0	92	0	18
Nd_2__5745	10	17	32	0	0	608	0	20
Nd_2__5761	2	203	248	561	0	1296	850	324
Nd_2__5762	67	32	196	98	0	3423	26	5665
Nd_2__5763	0	5385	378	0	0	252	0	4352
Nd_2__5764	0	2	1	1	0	538	7	182
Nd_2__5773	0	0	0	0	0	61	0	0
Nd_2__5781	0	10	0	22	0	211	7	5791
Nd_2__5782	0	66	0	19	0	118	2	0
Nd_2__5783	29	25	101	41	2	104	4	15
Nd_2__5788	145	10	4	68	11	339	1192	8
Nd_2__5796	0	47451	2007	34	0	14859	3	0
Nd_2__5800	57	1576	161	263	1	18396	9	330
Nd_2__5802	2	13378	2031	298	4	21337	0	367
Nd_2__5808	10	0	0	13	0	121	0	0
Nd_2__5809	593	101	1548	2859	62	293	1	19
Nd_2__5814	0	0	24	22	0	314	0	2
Nd_2__5817	3617	140	1392	1316	419	1332	175	354
Nd_2__5818	0	5	170	0	0	69	1	8
Nd_2__5826	24	21	408	2786	2	2071	3	176
Nd_2__5829	76	2	4	0	0	126	0	21
Nd_2__5831	8	98	1445	661	0	179	0	219
Nd_2__5832	0	0	0	0	0	55	0	0
Nd_2__5840	0	0	0	0	0	97	2	7
Nd_2__5861	15	109	71	16	0	202	0	61
Nd_2__5863	22	15	88	0	0	75	0	30
Nd_2__5867	957	92	204	411	0	1539	0	462
Nd_2__5880	0	0	0	0	0	107	0	0
Nd_2__5881	2	1027	40	170	8	3050	13	244
Nd_2__5884	24	103	332	294	0	210	35	74
Nd_2__5885	61	31	2229	1207	11	1864	3	1630
Nd_2__5887	0	2	0	0	0	9076	0	0
Nd_2__5901	0	20	0	0	0	216	3	5
Nd_2__5918	880	183	150	0	0	338	23	56
Nd_2__5927	0	3294	2	0	0	591	2	0
Nd_2__5933	30	1	12	20	0	59	0	177
Nd_2__594	31	2	12	24	0	39	1	5
Nd_2__5946	3	13	25	12	0	31	0	2
Nd_2__5947	26	10	21	6	0	31	0	0
Nd_2__5952	0	3	0	0	0	124	0	0
Nd_2__5953	4	0	10	0	3	252	0	4
Nd_2__5959	1032	87	2787	621	24	627	142	172
Nd_2__596	0	7	7	10	0	345	0	77
Nd_2__5973	94	20	60	4	0	112	0	2
Nd_2__5978	777	83	343	273	22	1199	1	160
Nd_2__6000	1	47	1	0	0	351	0	0
Nd_2__6006	23	63	37	33	0	1230	2	32
Nd_2__6008	0	26	105	33	16	9807	0	0
Nd_2__601	0	383	5	32	0	708	12	0
Nd_2__602	0	90	6	4	0	668	2	378
Nd_2__6043	0	0	0	0	0	66	0	19
Nd_2__6054	0	5	63	16	0	540	18	23
Nd_2__6066	0	38	0	0	0	342	65	144
Nd_2__6070	261	5	259	1017	0	328	58	147
Nd_2__6073	0	0	28	0	0	151	0	20
Nd_2__610	2	0	4	0	0	84	0	0
Nd_2__6102	0	14	8	0	0	134	17	28
Nd_2__6105	372	39	63	169	3	327	37	33
Nd_2__612	0	0	3	16	0	80	0	0
Nd_2__6120	70	61	67	24	33	1823	2	506
Nd_2__6139	1787	0	4750	3397	82	33	0	18
Nd_2__6149	6	2	0	0	0	106	3	69
Nd_2__6155	51555	2541	31817	21718	4874	13193	1512	7545
Nd_2__6160	0	0	0	0	0	183	341	0
Nd_2__6168	0	9	0	0	0	61	0	7
Nd_2__6169	0	0	0	0	0	1681	0	0
Nd_2__6174	0	74	2	0	0	647	10	194
Nd_2__618	0	0	0	0	0	60	0	0
Nd_2__6202	0	26	0	0	0	2352	16	60
Nd_2__6203	44	6	111	120	0	253	0	71
Nd_2__6204	0	0	0	0	0	1098	0	70
Nd_2__6206	24	0	38	31	4	110	0	0
Nd_2__6215	0	2	2	0	0	65	0	27
Nd_2__6223	205	8	312	321	5	1404	0	44
Nd_2__6224	82	8	20	25	0	456	1	18
Nd_2__6230	0	0	0	2	0	205	0	0
Nd_2__6255	22989	47677	105693	20355	225	7753	209	36544
Nd_2__6256	0	0	0	0	0	247	0	0
Nd_2__6263	0	21	45	5	0	331	0	4
Nd_2__6269	61612	318	153412	79281	541	169	0	869
Nd_2__6270	19	74	92	4241	57	1641	19	102
Nd_2__6277	8	48	37	11	0	4904	2	48
Nd_2__6278	2	204	53	22	6	1412	529	584
Nd_2__6287	8	9	39	0	0	94	1	10
Nd_2__6289	0	0	0	25	0	231	4	49
Nd_2__6293	54	0	0	0	0	79	0	0
Nd_2__6294	0	212	8	0	0	291	28	114
Nd_2__6302	1285	3	2579	1369	0	20	9	4
Nd_2__6303	0	3	0	6	0	352	0	3
Nd_2__6309	0	25	137	2	0	608	1	11
Nd_2__6317	0	63	2	0	0	33126	405	69775
Nd_2__6332	8	4	47	4	0	151	0	164
Nd_2__6334	802	5	1589	1011	6	20	0	0
Nd_2__6336	65	6	20	35	0	113	2	1274
Nd_2__6337	0	1	0	1	0	85	0	0
Nd_2__6341	33	0	12	19	1	301	18	4
Nd_2__6359	0	4	0	0	0	518	0	8
Nd_2__6364	0	2	0	0	0	510	0	0
Nd_2__6366	67	270	3693	2	0	520	0	2542
Nd_2__6367	0	7	5	2	0	43	0	98
Nd_2__6378	0	1	121	4	1	113	2	22
Nd_2__6379	0	2900	453	0	0	4706	0	511
Nd_2__6383	20	17	45	0	0	465	0	9
Nd_2__6386	0	2	0	0	0	32	268	28
Nd_2__639	0	849	0	0	0	46953	4	312
Nd_2__6393	20249	79	636	8390	0	1149	0	61
Nd_2__640	0	7	0	0	0	473	600	0
Nd_2__6401	0	0	8141	0	0	891	57	0
Nd_2__6407	0	5079	0	0	0	21568	0	17
Nd_2__6416	0	0	0	0	0	500	0	0
Nd_2__6421	2702	357	911	166	24	1376	352	5300
Nd_2__6459	0	0	38	196	1	76	0	4
Nd_2__646	47	15	61	35	0	6074	250	1016
Nd_2__6483	0	1	1	0	1	63	0	0
Nd_2__6490	1	250	12	0	0	142	7	81
Nd_2__6492	0	26	0	0	0	106	17	20
Nd_2__6500	214	23	197	63	68	1034	5	6
Nd_2__6501	0	0	0	0	0	102	0	0
Nd_2__6506	2	12	4	36	1	95	2	16
Nd_2__6509	6197737	7562	7439027	1397771	147710	1783	1840	3073
Nd_2__6527	407	17	1267	272	55	358	3	14
Nd_2__6528	63	4	13	25	7	52	3	2
Nd_2__6539	97	72	229	145	0	187	23	185
Nd_2__6545	1	6	54	0	0	217	0	39
Nd_2__6558	2	7	55	17	7	124	1	9
Nd_2__6560	702	8	113	358	10	111	1	0
Nd_2__6561	140	0	286	47	0	164	0	33
Nd_2__6574	382	38	138	29	0	1363	4	83
Nd_2__6602	24	50	119	6	13	122	27	135
Nd_2__6607	0	25	47	0	0	285	45	824
Nd_2__6626	0	31	31	0	0	891	3522	1461
Nd_2__6627	0	41	0	0	0	1882	12	21
Nd_2__6632	6	0	42	20	0	265	0	19
Nd_2__6636	35	9	7	12	0	142	9	22
Nd_2__6643	1	56	4	5	0	202	72	269
Nd_2__665	2	49	10	6	1	8100	28	145
Nd_2__667	0	0	0	0	0	68	0	1
Nd_2__673	0	38	29	34	0	1322	0	90
Nd_2__682	0	19	2	0	0	106	0	17
Nd_2__684	0	0	0	0	0	66	0	0
Nd_2__696	0	0	0	0	0	54	0	0
Nd_2__700	0	40	12	0	0	174	15	12
Nd_2__707	20	3	72	22	0	59	0	8
Nd_2__713	0	4	228	14	4	165	0	40
Nd_2__729	163	76	1752	113	2	868	21	256
Nd_2__736	0	0	0	0	0	83	0	7
Nd_2__742	538	2348	185	35557	0	526157	37069	32016
Nd_2__751	22	7	4	14	0	661	3	22
Nd_2__754	4	58	59	12	0	284	0	87
Nd_2__762	16	19	119	22	0	897	0	116
Nd_2__767	343	87	53	52	59	150	3	31
Nd_2__782	2	253	4	0	0	117677	131	311
Nd_2__794	0	28	0	0	0	77	0	597
Nd_2__799	843	196	134	1226	64	666	6	75
Nd_2__800	0	560	46	0	0	1410	121	100
Nd_2__802	113	1	27	0	0	196	0	2
Nd_2__805	0	45	0	0	0	1427	0	20
Nd_2__81	15	8	282	6	0	80	3	67
Nd_2__825	0	2229	285	8	0	8039	0	169
Nd_2__828	0	1	3	1	1	70	1	1
Nd_2__837	5	1	0	0	0	304	153	122
Nd_2__838	690	178	112	90	4	342	339	139
Nd_2__845	84544	4289	225235	18587	413	38294	4120	4320
Nd_2__848	0	0	0	0	0	176	0	19
Nd_2__859	0	0	0	0	0	130	0	0
Nd_2__860	0	3	22	0	0	182	0	24
Nd_2__880	21494	111	568	74	4	1882	248	1005
Nd_2__889	0	28	0	1	0	42	43	260
Nd_2__90	6	10	5	0	0	8535	1	23
Nd_2__905	0	17	0	0	0	926	0	9
Nd_2__916	0	20	469	141	0	213	1	45
Nd_2__938	0	25	0	0	0	2343	21	57
Nd_2__94	1	41	0	0	0	4795	24	189
Nd_2__941	0	22	23	70	0	42	9	35
Nd_2__943	0	0	0	0	0	184	0	0
Nd_2__953	13	6	15	0	0	39	0	24
Nd_2__954	73	2	1	4	0	65	2	6
Nd_2__96	0	59	16	2	0	140	0	12
Nd_2__960	10	76	106	28	0	261	40	360
Nd_3__101	0	0	0	0	0	7	191	2
Nd_3__1020	10	7	117	6	0	174	1128	70
Nd_3__1043	1	19	144	11	0	10	147	74
Nd_3__1077	7	4	188	24	0	19	28	53
Nd_3__1080	0	544	804	0	0	74	735	181
Nd_3__1098	3	0	0	0	0	26	312	8
Nd_3__1100	18	0	8	16	6	347	68	4
Nd_3__1106	17	114	21	2	0	1189	168	179
Nd_3__1110	17985	716	10815	6302	1643	15360	685	2460
Nd_3__1116	35560	1756	22088	12205	3146	8717	944	4973
Nd_3__1120	0	902	55	5	0	11350	119	2522
Nd_3__1122	35	7	769	133	26	0	42	4
Nd_3__1138	246	20	31	0	0	65	93	8
Nd_3__1144	0	0	1	0	0	82	783	23
Nd_3__1154	0	3	33	22	0	3	66	56
Nd_3__1160	76	0	491	107	3	1	140	2
Nd_3__118	11	2	22	37	10	0	107	35
Nd_3__1192	27	85	155	30	1	34966	276	56567
Nd_3__1211	18	6	234	1800	0	197	25	376
Nd_3__1222	0	380	18	0	0	6123	34	90
Nd_3__1224	14	52	28	17	0	70	88	95
Nd_3__1225	1295	43	1481	33	0	642	93	227
Nd_3__1226	122	45	181	149	0	24	451	94
Nd_3__1228	12	7	27	8	3	561	31	6
Nd_3__1247	0	7604	400	326	0	2054	56	28846
Nd_3__1258	3989	259	3785	1835	50	847	44	781
Nd_3__1259	0	0	0	45	0	115	66	7
Nd_3__1262	0	2	48	162	3	3	207	79
Nd_3__1285	2	4	156	6	0	239	93	86
Nd_3__1295	0	0	0	0	0	1	84	17
Nd_3__1296	32	2	25	2	0	4	47	0
Nd_3__1313	0	149	22	82	0	148	46	265
Nd_3__1314	0	0	0	0	0	2	36	19
Nd_3__1338	342	1	53	6	7	14	885	61
Nd_3__1343	3	43	66	110	0	1	194	92
Nd_3__1344	0	62	3	0	0	23	55	8
Nd_3__1360	3	390	22	726	0	794	265	228
Nd_3__1378	198	14	12	110	0	2	133	0
Nd_3__1382	0	17	0	1	0	32	1541	92
Nd_3__140	2	150	2	8	6	13	1324	14
Nd_3__1400	0	306	2	3	0	8	155	524
Nd_3__1407	40632	1228	17706	15628	8685	7498	2416	4031
Nd_3__1432	0	65	11	5	0	1	49	171
Nd_3__1444	8023	353	5477	3160	447	2049	158	1228
Nd_3__1454	91	91	60	5	0	0	244	798
Nd_3__1463	55	20	1726	15	4	25	132	316
Nd_3__148	0	8	0	0	0	137	1751	113
Nd_3__1482	13	1758	674	5753	4	2650	1327	909
Nd_3__1488	0	5968	298	13	0	6718	315	150891
Nd_3__1500	0	222	8	0	0	4	181	88
Nd_3__1501	187	3402	165	1411	1	177686	1535	4690
Nd_3__1516	3	29	12	7	0	459	57	2
Nd_3__1523	4	8	230	91	16	7	409	127
Nd_3__1531	4	5	171	24	1	3	41	78
Nd_3__1532	1076	50	17	375	0	45	516	6
Nd_3__1538	577	20	631	13	0	398	21	167
Nd_3__1569	54	32	72	16	0	27	27	166
Nd_3__1570	0	8	0	7	0	17	420	20
Nd_3__1572	1122	5	1710	785	15	12	31	2
Nd_3__1574	3	171	419	0	0	302	2465	9
Nd_3__1581	22	1	22	20	3	6	38	4
Nd_3__1588	0	0	0	1	0	47	40	5
Nd_3__1599	0	378	9	0	0	7	228	134
Nd_3__161	81	33	9	42	0	42	235	29
Nd_3__1611	0	1	0	0	0	336	76	4
Nd_3__1624	1	4	0	8	0	881	683	1522
Nd_3__1636	0	115	0	4	0	180	57	0
Nd_3__1647	599	63	339	50	13	430	29	220
Nd_3__1648	28	3	39	15	1	5	17	11
Nd_3__1653	0	33	0	2	0	36	79	14
Nd_3__166	0	0	0	0	0	8	73	2
Nd_3__1666	406	24	669	20	0	208	25	39
Nd_3__1670	0	200	4	0	0	0	157	55
Nd_3__1693	0	16	11	0	0	48	30	283
Nd_3__1703	291	13	377	7	1	522	22	81
Nd_3__1704	76	5	152	49	1	32	24	15
Nd_3__1707	23285	1243	15058	10568	3349	7363	465	3862
Nd_3__1708	0	126	16	26	4	53	103	535
Nd_3__171	0	1	0	0	0	14	40	72
Nd_3__1714	148	797	32	902	0	12304	48	1504
Nd_3__1715	41	161	294	196	2	23794	513	62678
Nd_3__1718	0	5	0	0	0	469	157	628
Nd_3__1732	0	1	0	0	0	364	162	366
Nd_3__1786	0	0	7	0	0	3	313	5
Nd_3__1789	369	22	381	14	0	992	63	286
Nd_3__1816	0	7	138	98	8	8	87	61
Nd_3__1840	0	6	151	10	0	363	36	118
Nd_3__1857	0	75	45	14	0	413	81	152
Nd_3__1874	1	5	19	4	0	181	61	27
Nd_3__1878	150	356	16	9154	0	33318	5680	3879
Nd_3__1883	0	6	1	0	0	0	107	35
Nd_3__1922	2	24	4	0	0	59	71	7
Nd_3__193	0	56	0	2	0	272	61	159
Nd_3__1945	158	28	45	0	0	37	16	202
Nd_3__1949	540	4074	737	217	1	2169	834	2102914
Nd_3__1968	2	11	46	21	1	16	116	20
Nd_3__2006	3	12	4	2	0	26	195	12
Nd_3__2015	23487	1206	15075	11157	1515	6157	290	4440
Nd_3__2021	1057	125	910	94	16	327	56	494
Nd_3__2030	0	49	36	19	0	314	58	193
Nd_3__2057	4	2	33	4	1	6	83	19
Nd_3__206	169	24	47	0	0	0	68	547
Nd_3__2079	0	12	39	20	0	35	98	13
Nd_3__2089	0	156	12	0	0	0	82	189
Nd_3__209	0	14	17	0	0	1062	3144	684
Nd_3__2101	64	22	16	0	0	48	74	0
Nd_3__2118	6	348	22	44	2	9618	394	786
Nd_3__2120	26	17	2	0	15	30	83	15
Nd_3__2125	0	0	0	0	0	0	2966	2
Nd_3__2131	0	22	2	0	0	32	1219	26
Nd_3__2134	21	389	453	1935	0	1248	1100	373
Nd_3__2142	0	5	1	3	0	7	196	25
Nd_3__2149	6984	287	4498	2579	511	1832	329	1083
Nd_3__2153	0	0	2	0	0	0	90	58
Nd_3__2161	29401	1144	17725	10820	2117	7093	928	3938
Nd_3__2165	0	0	0	0	0	38	256	18
Nd_3__2168	0	4	0	0	0	3	69	11
Nd_3__2170	0	33	1	1	0	12880	378	64083
Nd_3__2174	0	111	9	2	0	0	58	53
Nd_3__2175	0	0	0	0	0	0	97	1
Nd_3__2194	0	282	400	0	0	494	121	1772
Nd_3__2205	0	300	12	176	0	379	268	139
Nd_3__222	0	17	16	0	3	201	57	10
Nd_3__2224	0	0	0	0	0	50	88	0
Nd_3__2237	6	0	26	21	5	1	64	25
Nd_3__2240	0	5	1	3	0	2	195	23
Nd_3__2246	1	16	135	97	4	8	65	97
Nd_3__2250	0	10	95	111	0	9	166	60
Nd_3__2286	2	1	0	0	0	0	115	47
Nd_3__2288	0	5	0	0	0	10	81	0
Nd_3__2290	0	4	19	2	0	948	31	2829
Nd_3__2323	27	3	75	8	0	220	73	107
Nd_3__2331	10	446	43	181	0	1728	981	589
Nd_3__2342	0	1	6	0	0	123	85	10
Nd_3__2343	3	11738	428	4	5	962839	75	2058
Nd_3__2346	14	10	243	150	5	175	86	215
Nd_3__2361	336	1	83	2	0	19	74	21
Nd_3__2374	12	27	152	103	0	50	35	29
Nd_3__2392	40	67	3019	46	1	283	100	111
Nd_3__2399	1320	11	7678	7353	1	10568	242	1440
Nd_3__2407	0	8	0	0	0	0	149	0
Nd_3__2427	379	38	1645	408	33	223	2811	77
Nd_3__2429	0	1	0	0	0	13	165	0
Nd_3__244	0	0	0	0	0	13	313	5
Nd_3__2452	2	12	7	24	3	16	47	8
Nd_3__2467	3	44	0	66	0	24	1198	3
Nd_3__2469	86	104	2337	510	83	7232	2539	65
Nd_3__2475	7	10	19	8	3	0	84	32
Nd_3__2498	1289	116	202	8	11	148	49	4154
Nd_3__2507	60	0	362	79	7	9	221	2
Nd_3__2560	487	43	155	0	1	96	67	6126
Nd_3__2567	140065	6721	93522	62982	11582	43059	7752	23945
Nd_3__2580	287	8	23	0	5	4	815	18
Nd_3__2587	2889	207	1882	1517	523	1131	204	460
Nd_3__2599	157	28	213	3	0	319	41	142
Nd_3__261	0	202	2	0	0	0	183	379
Nd_3__2623	43	16	20	6	1	28	17	154
Nd_3__2625	0	73	98	0	0	55	554	77
Nd_3__2626	3	11	88	28	1	5	36	28
Nd_3__2629	245	36	594	42	2	84	14	104
Nd_3__2631	0	0	0	0	0	0	39	3
Nd_3__2632	0	180	36	0	0	21	53	309
Nd_3__265	24	42	156	3	1	5402	106	17561
Nd_3__2660	2	7	36	29	2	161	70	18
Nd_3__2669	198	38	7	15	0	3253	49	6672
Nd_3__2675	0	2	0	1	0	0	285	1
Nd_3__2678	11687	500	7253	5034	1387	3843	298	1821
Nd_3__2690	10	126	40	9	5	1205	282	378
Nd_3__2701	0	0	289	13	0	3	44	4
Nd_3__2736	0	18	0	0	0	10532	117	36365
Nd_3__2743	0	0	0	0	0	72	41	88
Nd_3__2757	161	36	12	0	0	2150	35	5718
Nd_3__2793	70	1385	1761	4667	5	4678	3962	1145
Nd_3__2799	23315	1239	17311	11295	3497	7843	1046	4287
Nd_3__2803	1	7	185	294	4	5	392	124
Nd_3__282	2	0	0	0	0	34	37	13
Nd_3__286	25	372	126	33	0	4572	720	963
Nd_3__288	86	50	1279	62	61	598	52	111
Nd_3__292	318	75	2713	451	65	5110	732	124
Nd_3__295	234	146	1658	605	59	2059	659	73
Nd_3__307	18	3	3	12	11	19	91	269
Nd_3__31	0	0	0	0	0	67	763	15
Nd_3__315	0	50	0	2	0	10367	192	28373
Nd_3__324	79263	3645	48217	35128	6401	21184	3454	11256
Nd_3__325	0	2	0	1	0	35	526	41
Nd_3__358	18475	755	10878	6983	2879	3828	424	2435
Nd_3__365	0	1176	212	0	0	33	384	2195
Nd_3__371	529	106	76	9	0	3330	208	16615
Nd_3__381	0	100	0	0	0	1	25	18
Nd_3__382	195	747	53	845	0	29948	116	1109
Nd_3__390	83	514	528	996	4	1111	534	374
Nd_3__391	19	22	71	48	0	22	72	45
Nd_3__396	1	1	47	20	7	1	24	15
Nd_3__403	0	33	6	1	0	3	409	14
Nd_3__405	0	0	0	0	0	0	214	0
Nd_3__406	0	0	0	0	0	42	239	4
Nd_3__409	113	10	475	37	3	18	186	5
Nd_3__415	0	0	0	0	0	53	1013	33
Nd_3__421	73163	3577	42400	29957	7311	18677	2567	10110
Nd_3__427	92	63	1435	58	24	613	36	117
Nd_3__435	0	0	0	0	0	64	629	16
Nd_3__438	0	137	8	54	0	125	45	63
Nd_3__442	5	4	3	0	0	3	150	18
Nd_3__446	1	6	49	10	3	383	112	64
Nd_3__452	545	74	52	0	0	49	59	36
Nd_3__457	7089	327	5493	2777	1644	2680	307	1270
Nd_3__472	22	6	65	34	0	21	26	0
Nd_3__483	1046719	35845	1685334	564908	19102	97408	2860	215032
Nd_3__490	59	89	1575	384	98	1718	60	53
Nd_3__531	0	0	2	21	0	61	2606	40
Nd_3__551	0	12	4	2	0	340	2013	736
Nd_3__561	0	136	11	13	0	2	379	217
Nd_3__564	6126	256	3644	2445	248	1234	71	882
Nd_3__580	0	222	16	0	0	22	49	85
Nd_3__582	205	37	43	24	5	84	70	465
Nd_3__589	0	0	0	0	0	0	248	25
Nd_3__597	56	57	47	17	20	2259	17	10
Nd_3__610	0	0	0	0	0	42	962	24
Nd_3__611	75	33	1426	335	26	11	163	19
Nd_3__635	1060	330	600	109	1	279	163	1756
Nd_3__65	22	12	346	29	0	6	16	82
Nd_3__651	0	72	0	0	0	0	25	28
Nd_3__656	156	70	656	38	1	193	724	37740
Nd_3__658	0	64	7	15	0	406	323	46
Nd_3__664	0	73	2	2	0	0	23	14
Nd_3__677	0	5	0	2	0	102	1483	76
Nd_3__68	0	181	17	51	0	14	687	379
Nd_3__687	0	204	7	0	0	0	160	64
Nd_3__698	0	3	31	27	0	0	50	29
Nd_3__70	43	646	200	499	6	821	673	203
Nd_3__755	0	0	6	0	0	7	86	20
Nd_3__764	26	18	23	2	2	11	61	131
Nd_3__77	0	2	128	0	0	5	27	24
Nd_3__793	0	14	0	0	0	297	99	71
Nd_3__800	14	1213	71	19	3	7779	134	2113
Nd_3__819	28657	1667	18684	15062	2061	10092	597	4286
Nd_3__821	0	0	2	0	0	27	553	60
Nd_3__845	0	75	4	3	0	497	121	47
Nd_3__847	0	16	18	0	0	99	235	14
Nd_3__852	587	129	3855	611	12	4391	52	184
Nd_3__862	0	275	0	0	0	2	146	0
Nd_3__890	93	0	24	1	0	1	776	1
Nd_3__894	2901	280	477	1829	0	1830	360	143
Nd_3__895	0	0	0	0	0	0	287	0
Nd_3__897	26	57	90	47	7	150	136	338
Nd_3__899	10	0	0	4	0	19	77	0
Nd_3__906	0	1	0	0	0	4	107	0
Nd_3__909	30489	1336	21224	12907	1581	11675	380	4482
Nd_3__924	2	326	29	26	1	1653	178	486
Nd_3__925	130	569	52	10244	0	66655	6795	8220
Nd_3__927	21819	837	11943	8135	2833	5405	647	3111
Nd_3__94	989	2240	153	6243	0	56802	148	5196
Nd_3__941	9288	533	8497	5110	350	3564	148	1868
Nd_3__949	0	100	4	0	0	0	92	18
Nd_3__951	67	21	46	11	0	13	14	141
Nd_3__958	22	903	406	1243	1	3526	2752	838
Nd_3__965	0	0	0	0	0	57	1229	11
Nd_3__97	0	122	26	0	0	261	33	750
Nd_3__970	5	2	43	0	0	17	76	16
Nd_3__982	0	0	0	0	0	35	585	36
Nd_3__987	0	2	123	1430	0	33	24	111
Nd_3__994	80	5	16	1	0	46	271	22
Nd_4__1008	72699	3493	46518	38453	4057	13245	1380	10773
Nd_4__1032	0	0	0	0	0	2	27	600
Nd_4__1055	291	68	464	0	0	226	122	31676
Nd_4__1062	0	131	22	2	0	210	23	1254
Nd_4__1074	969	6	103	58	1	14	8	285
Nd_4__108	0	0	0	0	0	0	0	66
Nd_4__1082	61	55	35	2	0	0	0	35
Nd_4__1088	56	12	0	137	0	3520	41	11365
Nd_4__1090	0	0	0	0	0	0	0	103
Nd_4__1093	39700	1074	15924	9042	1095	7108	796	3817
Nd_4__1099	7	13	4	3	0	0	2	156
Nd_4__1106	0	2	0	0	0	0	0	84
Nd_4__1115	0	0	38	2	0	2	0	60
Nd_4__1120	0	76	6	0	0	4	69	55
Nd_4__1121	516	60	792	863	7	59	0	6890
Nd_4__1137	0	4	138	12	0	32	0	64
Nd_4__1141	22	10	169	130	3	72	85	113
Nd_4__1160	0	0	0	0	0	10	0	54
Nd_4__1161	16595	933	13704	8262	1660	5775	5017	3198
Nd_4__1168	0	0	147	19	5	0	0	18
Nd_4__1169	0	134	2	2	0	33450	843	93641
Nd_4__1172	0	103	34	0	0	1682	1871	294
Nd_4__1187	0	444	0	0	0	2944	0	848
Nd_4__1196	47	19	67	10	0	310	10	355
Nd_4__1205	0	3	0	0	0	9	0	15395
Nd_4__1225	24	1	33	14	0	46	0	19
Nd_4__1227	0	0	0	0	0	0	0	344
Nd_4__1236	87	25	150	57	0	4730	42	13396
Nd_4__1245	37167	1863	25283	18594	4261	11173	1071	5832
Nd_4__1254	17	12	741	3284	0	261	0	83
Nd_4__1262	0	61	593	59	23	30	2	339
Nd_4__1268	0	53	0	0	0	5	567	531
Nd_4__1279	0	32	1	0	0	164	12	78
Nd_4__1285	0	354	1	12	0	0	42	1450
Nd_4__1287	2	2	33	6	0	99	0	41
Nd_4__1291	0	32330	2950	405	0	205	9687	4294
Nd_4__1293	195	763	73	1489	0	25652	21	1340
Nd_4__130	0	0	0	0	0	40	0	103
Nd_4__1301	268	15	5	3	0	2555	9	856
Nd_4__1306	999	602	1005	37	7	1	16	585
Nd_4__1320	0	248	10	0	0	27	101	136
Nd_4__1332	550	70	59	450	23	313	2	53
Nd_4__1347	140	180	1948	864	52	2546	2979	168
Nd_4__1353	0	1	0	0	0	13	0	57
Nd_4__1355	0	1654	15	1	0	88209	20	63334
Nd_4__1360	250136	115	458669	287084	10872	249	81	552
Nd_4__1370	0	20	68	0	0	13	4	44
Nd_4__1372	0	22	34	0	0	2	0	85
Nd_4__139	0	20	0	0	0	3195	15	69
Nd_4__1404	637	1580	141	37769	0	164399	27567	20106
Nd_4__1410	0	57	27	6	0	66	9	355
Nd_4__1415	52	32	23	222	0	80	32301	452
Nd_4__1421	0	21	3	0	0	508	0	83
Nd_4__1425	0	3	7	0	0	19	24	64
Nd_4__1431	822	7	69	24	12	117	268	210
Nd_4__1444	113	13	58	0	0	99	15	274
Nd_4__1454	2	2	339	17	1	131	12	34
Nd_4__1456	0	393	25	26	0	3	181	783
Nd_4__1458	3	19	2	14	1	381	2	193
Nd_4__1464	0	5	97	20	0	2	0	29
Nd_4__148	9	62	129	8	1	13966	259	46471
Nd_4__1488	0	0	0	0	0	0	0	119
Nd_4__1489	0	0	157	34	0	0	0	19
Nd_4__1492	0	0	0	0	0	0	2	24459
Nd_4__1498	13	1	23	5	0	91	0	19
Nd_4__150	624028	21348	997090	328435	11304	54613	2066	118202
Nd_4__1503	8	13	71	30	0	9	0	30
Nd_4__1506	0	0	59	85	3	0	3	399
Nd_4__1516	0	0	0	0	0	2	0	68
Nd_4__153	24	5	97	14	0	193	107	107
Nd_4__1533	2	0	0	0	0	0	0	214
Nd_4__1563	678	0	838	675	28	0	0	25
Nd_4__1566	0	0	0	0	0	47	0	51
Nd_4__1568	0	0	0	0	0	0	0	383
Nd_4__1569	386	184	305	1	4	1127	9	3782
Nd_4__1570	0	0	0	0	0	29	7	1054
Nd_4__1573	0	0	1934	16	0	78	0	125
Nd_4__1574	0	13	0	0	0	0	0	47
Nd_4__1588	0	0	6	0	0	8	0	197
Nd_4__1594	0	4	0	0	0	0	5	73
Nd_4__1596	0	9	69	25	0	19	0	83
Nd_4__1602	8	57	579	211	4	168	0	232
Nd_4__1608	5	745	29	4	0	3036	26	3299
Nd_4__1611	5	0	5	0	0	0	0	55
Nd_4__1615	1056	119	1014	122	28	467	24	383
Nd_4__1618	20194	21	10157	49454	1703	0	0	299
Nd_4__1620	14	0	157	78	0	5	0	46
Nd_4__1622	0	0	0	0	1	2	0	134
Nd_4__1624	0	1	28	0	0	1	0	113
Nd_4__163	0	32	0	109	7	15	0	160
Nd_4__1638	0	0	7	5	6	7	0	71
Nd_4__1644	0	138	0	0	0	67	13	621
Nd_4__1645	5	15	1152	47	0	136	0	107
Nd_4__1647	3	3	156	38	0	30	4	64
Nd_4__1666	35	0	4	0	0	39	4	61
Nd_4__1670	0	0	0	0	0	65	3	60
Nd_4__1679	1	0	1	2	0	0	0	520
Nd_4__1696	0	11	0	0	0	0	0	52
Nd_4__1702	60	11	225	27	0	27	0	799
Nd_4__1705	0	2	1	2	0	0	4	263
Nd_4__1710	0	0	0	0	0	680	0	312
Nd_4__1718	0	0	4	0	0	0	0	136
Nd_4__1732	0	3	167	0	0	5	17	29
Nd_4__1739	0	0	288	15	0	0	0	25
Nd_4__174	14	5	32	0	0	7	0	38
Nd_4__1746	0	0	0	0	0	42	0	416
Nd_4__1747	0	2	0	0	0	0	1	174
Nd_4__1748	0	44	0	0	0	288	153	62379
Nd_4__1753	0	0	0	0	0	0	1	429
Nd_4__1766	0	0	0	0	0	2	0	1535
Nd_4__1770	2	18	18	8	0	0	0	89
Nd_4__1772	0	10	2	0	0	13	0	71
Nd_4__1783	13	2	129	5	0	76	0	56
Nd_4__1791	0	1	51	134	1	36	0	90
Nd_4__1792	0	34	2	0	0	8	0	106
Nd_4__1800	4	4	72	79	14	4	279	69
Nd_4__1811	500	1	122	1596	0	19	0	113
Nd_4__1814	0	0	0	0	0	0	0	62
Nd_4__1832	2	0	5	69	0	6	0	45
Nd_4__1842	29	578	187	2	39	1689	249	5354
Nd_4__1844	0	0	0	0	0	7	81	4762
Nd_4__1845	0	96	11	0	0	0	4	110
Nd_4__1848	2	4	222	43	2	17	0	53
Nd_4__1853	12	7	404	4643	1	442	14	1272
Nd_4__1861	0	0	474	5	0	0	0	21
Nd_4__1867	455	205	225	40	10	267	34	2106
Nd_4__1876	0	0	359	591	0	0	0	59
Nd_4__1877	9	0	5	1	0	20	7	101
Nd_4__1883	0	314	25	10	1	50	4	112
Nd_4__1885	80	0	19	0	0	260	10	335
Nd_4__189	10	18	181	29	13	1489	23	953
Nd_4__1892	1973	15	11588	10185	1	16750	236	2256
Nd_4__1894	0	346	74	139	0	7	153	692
Nd_4__1904	0	0	0	0	0	129	0	200
Nd_4__1908	5	721	6	24	3	3227	48	535
Nd_4__1925	166	41	102	5	0	85	9	138
Nd_4__1942	0	91	6	0	0	3612	324	44
Nd_4__1950	0	0	2	0	0	0	0	161
Nd_4__1970	0	0	7	3	0	0	0	84
Nd_4__1979	114	10	122	16	1	24	5	32
Nd_4__1980	391	5	133	1233	0	10	0	144
Nd_4__1991	350	31	25	231	12	250	0	23
Nd_4__2007	958	35	91	133	0	0	0	217
Nd_4__2008	0	0	0	0	0	4	0	54
Nd_4__201	11211	0	26977	11528	8	0	0	580
Nd_4__2022	8	153	100	193	0	273	41	375
Nd_4__2024	10	1	225	50	2	8	0	68
Nd_4__2027	1	4	0	0	0	53	19	93
Nd_4__2029	1	28	3	4	0	2157	12	45
Nd_4__2040	44	182	3696	59	4	990	80	1794
Nd_4__2045	5	20	217	31	1	20	45	167
Nd_4__2052	9	721	965	0	2	1245	141	5055
Nd_4__2066	0	0	4	66	0	8	0	1459
Nd_4__2067	0	0	0	29	0	6	4	58
Nd_4__2072	0	39	2	29	0	713	0	159
Nd_4__2081	0	14	0	2	0	825	0	625
Nd_4__2082	59	19	746	488	0	185	13	574
Nd_4__2087	4	2	83	9	0	8	2	106
Nd_4__2099	0	3	58	0	0	5	2	58
Nd_4__2102	0	12	68	0	0	4234	10	4215
Nd_4__2108	83	24	8	10	0	120	0	263
Nd_4__2125	107794	4922	63470	41303	7770	28459	7459	15124
Nd_4__2128	0	7	0	1	1	7	2	180
Nd_4__213	16	79	52	27	5	19	0	213
Nd_4__2130	183	39	26	347	8	115	2	19
Nd_4__2133	110	88	76	7	0	40	64	293
Nd_4__2142	5	24	948	7219	0	309	46	871
Nd_4__2147	102	17	204	104	0	4127	14	2790
Nd_4__2177	25	0	0	0	0	28	0	58
Nd_4__2185	0	1996	197	10	0	6586	0	172
Nd_4__219	22	46	0	0	0	31	0	95
Nd_4__2192	0	89	35	0	1	33	4	2125
Nd_4__2194	208	68	573	70	14	351	1	121
Nd_4__2201	9	156	99	8	12	0	0	145
Nd_4__2202	215	9	145	167	355	146	0	19
Nd_4__2213	0	5	37	6	0	325	0	68
Nd_4__2224	1	10	186	254	2	17	570	284
Nd_4__223	0	39	10	0	0	20	0	67
Nd_4__2235	24	5	6	10	0	159	1	102
Nd_4__2237	10	0	62	15	0	66	27	417
Nd_4__224	378	45	16	14	0	2641	215	4546
Nd_4__2242	5	44	52	2	7	401	0	407
Nd_4__225	0	0	0	0	0	0	11	98
Nd_4__2259	0	0	134	0	0	0	0	57
Nd_4__2268	54	2	14	0	0	328	0	110
Nd_4__2272	179	1	21778	1056	0	0	20	2214
Nd_4__2276	3322	155	119	133	167	15	8	599
Nd_4__2279	9	0	18	0	0	10	1	83
Nd_4__2281	15	7	28	4	11	7	5	13
Nd_4__2283	0	10	0	43	0	178	0	73
Nd_4__2285	7	27	659	806	3	512	1	1789
Nd_4__2287	161	2	86	91	14	16	0	96
Nd_4__2312	2	148	8	40	10	39	41	721
Nd_4__2332	54	13	36	0	0	19	0	84
Nd_4__2342	738	89	185	30	1	263	53	773
Nd_4__2343	0	0	0	4	0	73	0	39
Nd_4__2344	101	625	196	124	1	5059	1537	1453
Nd_4__2355	0	2	0	29	0	68	0	104
Nd_4__2356	35	2	84	423	3	6	21	8125
Nd_4__2370	0	3	0	0	0	32	159	528
Nd_4__2371	24	29	10	4	0	8	31	981
Nd_4__2374	0	50	13	3	0	33	0	31
Nd_4__2379	28	551	590	2008	3	1961	1349	525
Nd_4__238	19	55	31	26	19	75	14	392
Nd_4__2386	9	16	7	0	0	59	3	23
Nd_4__2389	0	96	4	0	0	0	0	1131
Nd_4__2393	302	140	979	254	2	5492	4	82
Nd_4__2394	0	61	8	0	0	17	0	209
Nd_4__2398	3	46	41	15	5	473	6	568
Nd_4__2422	9	1	71	10	0	30	31	72
Nd_4__2425	59	47	69	2	0	0	0	32
Nd_4__2426	0	262	34	2	1	20	10	60
Nd_4__2434	6	1017	873	1857	0	1058	7737	686
Nd_4__2440	0	0	3	0	0	5	14	62
Nd_4__2455	0	2	0	30	0	1	0	228
Nd_4__2456	2109	116	98	123	66	14	19	413
Nd_4__246	111	157	109	138	0	224	1938	465
Nd_4__2462	0	870	21	100	0	40	1632	1704
Nd_4__2477	17	7	1	24	0	9	0	36
Nd_4__2480	0	0	0	0	0	0	0	76
Nd_4__249	46	20	261	11	1	340	85	14935
Nd_4__2492	0	0	0	0	0	43	2	582
Nd_4__2497	1	44	0	1	0	97	4	84
Nd_4__2499	11	9	76	93	30	163	785	50
Nd_4__2505	0	42	14	0	0	0	0	104
Nd_4__2511	0	378	3	0	0	540	2371	337
Nd_4__2528	13	346	175	768	0	567	625	171
Nd_4__2542	26	36	378	64	15	33	0	169
Nd_4__2546	80	192	1453	848	71	1856	201	212
Nd_4__2552	0	2	173	8	0	15	27	246
Nd_4__2553	0	0	89	0	0	4	2	37
Nd_4__2554	128	34	99	20	0	317	0	88
Nd_4__2569	0	0	932	0	0	9	0	125
Nd_4__2581	1	78	8	7	0	2501	0	34
Nd_4__2598	0	1	9	25	0	0	0	315
Nd_4__2601	1	30	1	0	0	5	21	95
Nd_4__2617	88	205	285	60	1	8914	1	165
Nd_4__2621	0	0	0	0	0	631	0	242
Nd_4__263	0	69	33	24	1	2	0	574
Nd_4__2631	1541	1	2821	2493	35	16	0	92
Nd_4__2638	23	79	515	160	1	258	0	475
Nd_4__2639	15	6	25	4	0	30	11	9
Nd_4__264	0	16	48	69	0	1315	0	151
Nd_4__266	28	310	7	23	0	1022	845	2460
Nd_4__2661	0	181	0	0	0	5	18	8153
Nd_4__2667	11	28	126	52	1	2706	319	3467
Nd_4__2672	3	55	2	0	0	5	22	100
Nd_4__2675	3	2	19	0	0	35	16	158
Nd_4__2676	0	0	0	4	0	6	0	64
Nd_4__2686	0	0	0	0	0	0	0	95
Nd_4__2689	0	2	14	6	0	17	5	70
Nd_4__2690	0	138	80	77	0	1196	34	968
Nd_4__270	0	5	1	0	0	0	0	81
Nd_4__2706	5	6	36	9	0	188	1	154
Nd_4__2707	0	4	0	0	0	61	1	155
Nd_4__2711	1	20	6	14	0	34	3	179
Nd_4__2713	0	0	0	0	0	0	0	73
Nd_4__2716	17948	826	10497	7366	1993	4151	427	2337
Nd_4__2720	61860	340	152157	80210	555	112	0	828
Nd_4__2721	0	19	35	3	2	239	0	308
Nd_4__2726	2	1	47	11	6	7	1	44
Nd_4__2743	60	29	311	79	0	72	0	190
Nd_4__2745	2	56	99	96	0	0	3	38
Nd_4__2758	31636	16353	33032	3936	0	912	712	1817
Nd_4__2772	16	4	0	230	0	0	31	150
Nd_4__2777	1	193	6	0	0	2425	8	15256
Nd_4__2778	1	18	71	5	0	2	0	113
Nd_4__2779	0	42	26	0	0	18	0	111
Nd_4__278	0	31	309	66	13	60	0	223
Nd_4__2785	0	281	23	0	0	8305	18	95
Nd_4__2797	90	125	18	87	5	226	15	613
Nd_4__2812	242	74	20	26	3	94	138	77
Nd_4__2820	116	96	105	8	0	0	0	66
Nd_4__2822	28	18	0	0	0	30	0	149
Nd_4__2828	69	26	47	24	0	41	3	165
Nd_4__283	0	3225	1	0	0	397618	32	50474
Nd_4__2842	2	95	81	39	0	352	75	416
Nd_4__2844	81	0	1432	231	257	12	0	7
Nd_4__2855	0	0	2	0	0	4	1	135
Nd_4__2863	1226	116	101	107	104	4	5	697
Nd_4__2875	0	6	0	0	0	797	0	38
Nd_4__2879	1	427	14	10	0	5189	4097	3247
Nd_4__2887	0	84	12	5	0	23	3	234
Nd_4__2899	0	29	4	12	0	10	3	569
Nd_4__2900	70	45	40	8	0	0	0	32
Nd_4__2911	0	18	4	14	0	76	59	56
Nd_4__2914	0	18	7	0	0	301	1202	515
Nd_4__2916	12	58	198	49	5	15634	197	39179
Nd_4__2917	0	39	0	18	0	264	0	156
Nd_4__2919	0	7	56	7	0	3922	14	94
Nd_4__2928	39	557	476	1969	0	1275	1176	356
Nd_4__294	0	24	2	0	0	6638	45	22875
Nd_4__2942	79	5	81	38	5	14	15	64
Nd_4__2943	0	1	43	1	0	0	0	75
Nd_4__2964	1	94	30	35	0	14	0	686
Nd_4__2972	7	27	3	0	0	36	6	348
Nd_4__2983	305	36	306	66	0	560	3	3901
Nd_4__2993	66	520	30	405	0	20103	164	490
Nd_4__3003	0	1518	45	70	0	19	10	442
Nd_4__3008	0	13	0	0	0	117	15	42
Nd_4__3013	0	0	182	92	0	0	0	19
Nd_4__3016	3	24	360	16	9	165	2	262
Nd_4__3024	3	6	370	507	2	294	0	561
Nd_4__3028	344	12	45	1922	0	7	0	137
Nd_4__303	1	7	2	1	1	1117	4	514
Nd_4__3032	2	0	10	0	0	120	0	39
Nd_4__3044	0	69783	2440	7485	4	108681	116828	170146
Nd_4__306	4	3	49	0	0	1	0	54
Nd_4__3060	0	0	167	218	0	0	0	24
Nd_4__3061	143	65	93	2	1	0	2	241
Nd_4__3064	930	34	187	74	27	217	18	530
Nd_4__3071	0	644	225	2	0	1949	0	150
Nd_4__3076	0	24	6	0	0	0	0	85
Nd_4__3082	215	116	256	44	5	58	5	87
Nd_4__3086	204	7	119	1416	0	23	0	206
Nd_4__3095	63	26	830	663	9	417	127	639
Nd_4__3097	17	2	166	3	5	95	0	57
Nd_4__3101	0	0	0	0	0	48	0	1333
Nd_4__3106	0	54	0	19	1	276	198	64
Nd_4__3112	227	519	639	6	56	319	6	756
Nd_4__3128	5	45	0	2	0	325	0	300
Nd_4__3134	8	0	150	69	3	2	0	62
Nd_4__3140	0	171	93	21	0	7	0	46
Nd_4__3147	1894	81	989	753	242	447	113	247
Nd_4__315	0	3	0	0	0	0	2	723
Nd_4__3157	0	0	0	0	0	0	0	66
Nd_4__3168	1752	79	7007	1551	35	2982	3	57
Nd_4__3193	1	8	0	5	0	1206	526	1509
Nd_4__3200	0	7	0	0	0	4334	104	17633
Nd_4__3204	6	23	81	4	15	84	3	143
Nd_4__3206	11	102	146	50	36	1563	19	190
Nd_4__3215	37	11	66	9	0	127	0	30
Nd_4__3225	1	0	190	71	0	60	25	110
Nd_4__3227	0	12	0	0	0	612	0	353
Nd_4__3230	2	32	20	2	1	106	0	102
Nd_4__3232	0	140	0	0	0	16366	28	416
Nd_4__3234	0	37	134	116	0	64	2	163
Nd_4__3239	144	0	0	1535	0	0	2	589
Nd_4__3243	16	8	257	34	0	243	250	294
Nd_4__3249	28	0	1	0	0	32	0	214
Nd_4__325	3936	673	7220	305	15	379	25	1057
Nd_4__3250	6	57	28	31	0	51	0	227
Nd_4__3253	58	30	40	2	0	0	0	32
Nd_4__3267	179274	7426	102411	71056	23451	45892	10538	24430
Nd_4__3269	0	296	32	0	0	184	240	134
Nd_4__3274	0	566	2	4	0	10	645	1451
Nd_4__3282	49	2	67	19	0	162	3	214
Nd_4__3284	108	2	261	4	0	33	45	179
Nd_4__3286	3	24	301	266	3	468	341	220
Nd_4__3287	4	4	160	9	0	5	0	72
Nd_4__3289	4	18	3	8	0	832	8	65
Nd_4__330	17	1434	106	30	0	1608	5	636
Nd_4__3302	2	3	137	92	3	42	0	244
Nd_4__3311	325194	2552	66180	19750	458788	32733	68	4682
Nd_4__3313	287	141	7782	359	13	189	418	1873
Nd_4__3314	0	0	0	0	0	40	5	339
Nd_4__332	4	0	0	0	0	24	0	1217
Nd_4__3324	0	33	0	0	0	26	14	98
Nd_4__3368	0	0	0	0	0	140	0	75
Nd_4__3376	0	434	8	6	0	4477	29	1187
Nd_4__3383	7	4	69	8	0	11	3	120
Nd_4__3387	4	288	31	296	2	1760	1186	545
Nd_4__3391	62402	51	198335	134207	7609	120	7	296
Nd_4__3396	0	10	0	4	0	126	5	77
Nd_4__3398	121	486	730	98	6	7843	14	127
Nd_4__3399	272	75	58	22	3	77	5	80
Nd_4__340	0	363	20	5	0	4956	0	59
Nd_4__3401	11	20	108	373	19	15	536	203
Nd_4__3419	0	38	8	0	0	12	0	154
Nd_4__3425	7	100	425	708	111	338	197	2121
Nd_4__3428	0	45	0	0	0	0	47	14
Nd_4__3434	60601	3161	48326	30504	4469	19580	36858	10313
Nd_4__345	24	0	59	39	0	1	0	19
Nd_4__3454	0	2	0	0	0	0	0	64
Nd_4__3459	178	13	72	25	126	33	0	298
Nd_4__3474	0	0	77	0	0	2	1	25
Nd_4__3483	4	3	134	63	0	12	0	100
Nd_4__3491	0	0	2	0	0	50	0	385
Nd_4__3497	0	88	10	416	3	57	14	864
Nd_4__3507	8	24	0	7	0	107	0	151
Nd_4__352	0	0	9	3	0	102	13	109
Nd_4__3520	3	480	20	40	0	1494	1	53
Nd_4__3524	0	47	0	7	0	103	64	636
Nd_4__3525	0	0	53	3	0	0	19	335
Nd_4__3526	0	4	12	0	0	37	0	355
Nd_4__3529	0	0	0	0	0	209	0	821
Nd_4__3531	1394	16	4989	265	241	102	0	2471
Nd_4__3543	3	10	4	57	0	38	1	62
Nd_4__3566	51	726	506	1213	2	1362	570	507
Nd_4__3570	39	65	263	78	9	170	16	39
Nd_4__3589	209	131	2193	581	130	2273	107	135
Nd_4__3592	22	0	221	113	0	7	0	75
Nd_4__3593	0	29	17	0	0	9	1	84
Nd_4__3598	0	0	0	0	0	0	0	994
Nd_4__3606	0	0	0	0	6	0	0	133
Nd_4__3627	0	152	47	28	0	0	0	52
Nd_4__363	11	56	681	47	0	50	6	160
Nd_4__3630	88	0	0	0	0	19	41	327
Nd_4__3639	0	0	527	408	0	0	0	80
Nd_4__3640	0	93	2	0	0	13	60	195
Nd_4__3641	26	76	294	412	8	21	690	329
Nd_4__366	3	5	7	18	0	487	0	98
Nd_4__3681	15	0	66	39	0	5	0	12
Nd_4__3684	0	35	5	2	0	0	0	14
Nd_4__3685	81	3	21	0	16	38	0	15
Nd_4__3695	0	0	4	0	0	0	2	88
Nd_4__3709	25	33	9	36	0	0	0	56
Nd_4__3713	1	0	3	6	0	0	0	61
Nd_4__3721	12	8	1	0	0	237	26	372
Nd_4__3724	0	3	2	0	0	0	0	85
Nd_4__3737	0	0	0	0	0	0	0	92
Nd_4__3740	512	43	197	28	8	81	12	691
Nd_4__3750	19	45	6	14	0	59	21	243
Nd_4__3752	24	25	93	87	0	94	6	1109
Nd_4__3754	0	21	2	0	0	2	0	56
Nd_4__3773	651	28	4	13	23	2	0	46
Nd_4__3774	0	57	4	206	0	15	1	261
Nd_4__3775	32	13	54	57	0	794	17	2871
Nd_4__3793	0	0	0	0	0	0	0	86
Nd_4__3794	0	0	38	23	2	5	34	26
Nd_4__3796	930	81	2142	485	21	433	109	161
Nd_4__3803	0	24	19	9	0	4342	185	805
Nd_4__3816	372	5	942	151	1	148	13	259
Nd_4__3819	9	107	37	0	0	16	17	319
Nd_4__3825	0	25	0	0	0	0	0	79
Nd_4__3827	0	214	19	3	0	205	0	52
Nd_4__3830	21661	976	14268	7470	3415	6878	687	3331
Nd_4__3843	6	1	409	55	0	96	0	104
Nd_4__3845	0	14	528	5	0	4	4	280
Nd_4__3855	25	29	113	34	6	15	2	112
Nd_4__3877	116484	5261	62923	53491	11235	26838	6836	16011
Nd_4__3880	13770	646	9487	4727	1521	4265	416	2297
Nd_4__3891	93	63	21	18	1	88	30	65
Nd_4__3902	50	160	210	68	16	316	140	1273
Nd_4__3908	0	568	48	0	0	10969	24	161
Nd_4__3916	44	8	279	227	0	70	2	1190
Nd_4__3921	0	0	41	66	0	15	0	42
Nd_4__3946	307	157	254	17	0	0	0	108
Nd_4__3947	76	522	606	57	1	10358	5	190
Nd_4__3953	7	24	63	3	14	53	2	135
Nd_4__3956	0	23	10	0	0	7	0	100
Nd_4__3972	14	48	45	26	0	819	0	266
Nd_4__3994	0	9	0	0	0	0	0	59
Nd_4__3996	0	9	255	19	0	17	6	105
Nd_4__4006	0	0	17	481	0	96	0	53
Nd_4__4013	0	935	0	0	0	58998	2	477
Nd_4__4017	2	2	20	0	0	9	0	411
Nd_4__4022	0	4	0	0	0	23	21	347
Nd_4__4033	0	201	17	7	0	0	0	45
Nd_4__405	0	3	0	51	0	68	0	31
Nd_4__4052	0	6	6	6	0	74	16	94
Nd_4__4065	0	2	0	0	0	2458	2	4056
Nd_4__4071	3	8	88	4	0	4472	477	5188
Nd_4__4091	1	6	8	2	0	0	20	78
Nd_4__4097	0	0	0	0	0	75	0	88
Nd_4__4100	4	0	0	895	0	0	0	365
Nd_4__4123	34	331	17	29	4	585	367	5888
Nd_4__4147	96	20	44	86	6	128	0	272
Nd_4__4151	1445	93	131	7113	6	91	0	1054
Nd_4__4153	541	86	97	533	2	214	40	921
Nd_4__4154	750	180	465	131	2	265	107	1990
Nd_4__4155	0	4	0	0	0	0	0	64
Nd_4__4160	0	43	19	0	0	0	0	80
Nd_4__4161	6	0	1222	1004	6	0	0	146
Nd_4__4163	12	144	11	14	0	2112	23	5750
Nd_4__4176	0	0	0	0	0	0	17	288
Nd_4__4197	0	0	0	0	0	0	3	73
Nd_4__4204	0	2024	47	30	0	486	13	638
Nd_4__4211	7	107	36	13	0	208	12	151
Nd_4__4214	132	85	18	16	0	3202	213	10601
Nd_4__4216	0	0	215	125	0	0	0	33
Nd_4__4225	0	5	0	4	0	130	0	64
Nd_4__4232	0	242	54	6	0	91	19	830
Nd_4__4233	0	94	27	0	0	36	8	2012
Nd_4__4244	56	91	249	102	21	641	1857	168
Nd_4__4247	0	12	0	0	0	0	17	411
Nd_4__4261	0	2	0	2	0	1	1	206
Nd_4__4270	0	0	0	0	0	14	0	80
Nd_4__4274	13	409	40	4	2	5147	59	1022
Nd_4__4277	0	0	0	0	0	0	5	242
Nd_4__4284	0	0	0	0	0	0	0	49
Nd_4__4285	75	47	44	0	0	0	2	49
Nd_4__4294	9	3	100	6	6	84	5	248
Nd_4__430	11080	7	391	5130	0	12	0	814
Nd_4__4307	0	38	0	31	0	82	14036	165
Nd_4__4319	0	0	0	0	0	8	0	78
Nd_4__4340	6	50	82	46	0	3203	4	1108
Nd_4__4354	2	12	0	0	0	0	11	81
Nd_4__4357	0	0	1	0	0	0	0	95
Nd_4__4366	109	5	50	661	0	1	0	185
Nd_4__4367	147	64	146	199	0	153	29	370
Nd_4__4379	0	0	73	0	0	4	0	221
Nd_4__438	0	0	0	0	0	0	0	812
Nd_4__4385	0	52	12	10	0	728	55	236
Nd_4__4386	487	17	82	15	10	16	4	74
Nd_4__4390	15	16	49	40	0	29	58	31
Nd_4__4400	3	14	452	5	0	0	0	75
Nd_4__4402	0	0	0	0	0	0	0	57
Nd_4__4417	2	0	13	24	0	3	0	184
Nd_4__4430	19	31	794	192	0	80	7	399
Nd_4__4435	0	0	2	32	0	5	1	118
Nd_4__4441	15	21	462	29	19	297	13	34
Nd_4__4442	89	41	35	29	10	61	45	145
Nd_4__4450	0	1	13	0	0	6	0	184
Nd_4__4453	5	3	66	14	0	50	0	31
Nd_4__4457	7	61	234	34	1	869	5	258
Nd_4__4462	75	137	277	2	5	265	55	4280
Nd_4__4487	594	3	271	21	39	132	1	24
Nd_4__4493	9777	308	12051	303	30	5978	574	2198
Nd_4__4507	0	0	1	0	0	21	2	645
Nd_4__4511	0	76	13	21	0	227	2	405
Nd_4__4518	11	0	0	0	0	0	11	426
Nd_4__4521	0	19	9	1	0	20	4	369
Nd_4__4540	0	10	20	10	0	20	0	562
Nd_4__4550	0	0	0	0	0	10	0	953
Nd_4__457	3	5	6	0	0	11	6	33
Nd_4__4582	0	19	0	8	0	17	45	4013
Nd_4__4588	7	11	8	39	38	84	21	6960
Nd_4__4598	19	26	238	35	0	23	0	96
Nd_4__4599	0	13	17	2	0	9	4	255
Nd_4__4600	38	16	7	0	0	167	224	1458
Nd_4__4601	4	0	0	9	0	9	89	135
Nd_4__4611	28	24	3	0	1	30	0	25
Nd_4__4620	17	3	22	5	0	62	1	169
Nd_4__4625	0	0	127	0	0	0	0	34
Nd_4__4626	11	28	4	0	0	25	0	106
Nd_4__4627	7528	357	5233	2891	536	2242	225	1123
Nd_4__4630	684	104	2327	50	2	72	5	214
Nd_4__4634	531	15	16	2	59	2	0	37
Nd_4__4635	0	34	2	177	0	40	1	157
Nd_4__4640	0	0	13	0	0	28	0	101
Nd_4__4642	6	180	10	2	0	173	0	47
Nd_4__4651	0	4	104	46	0	19	0	66
Nd_4__4673	322	5	155	1592	0	14	2	245
Nd_4__4675	392	60	41	0	0	66	28	34
Nd_4__4679	1008	255	818	100	3	615	680	1867
Nd_4__4680	0	2	2	2	0	1	0	103
Nd_4__4686	0	87	0	2	0	0	40	48
Nd_4__4688	0	2	2	48	0	0	0	124
Nd_4__4689	19	29	278	24	0	1265	15	1333
Nd_4__469	1037	201	699	92	22	990	184	687
Nd_4__4694	49	3	76	18	5	5	26	40
Nd_4__4696	118	19	163	6	10	2681	5	870
Nd_4__4708	0	10	5	7	0	755	2	40
Nd_4__4717	88	61	92	24	0	132	6	44
Nd_4__4727	12	11	13	2	1	206	0	182
Nd_4__4745	27	41	6	0	0	21	4	60
Nd_4__4759	101875	3758	52662	34763	17507	26818	5561	13418
Nd_4__4760	110	1981	215	3	0	2370	40	2433
Nd_4__4762	0	60	38	0	0	506	17	1492
Nd_4__4768	6	3	197	115	1	111	0	363
Nd_4__4773	62092	2863	47707	28040	4156	13686	936	10176
Nd_4__4780	71	21	1	24	0	30	3	57
Nd_4__4782	0	107	38	0	0	72	1	241
Nd_4__4783	397	67	247	20	0	264	58	534
Nd_4__4795	0	0	0	0	0	0	1	97
Nd_4__4799	21	61	1018	641	35	49	739	632
Nd_4__48	0	0	272	59	10	4	0	35
Nd_4__4803	5555	260	3762	2138	316	1433	1838	910
Nd_4__4807	73	6	556	56	16	818	29	45
Nd_4__4812	0	0	4	0	0	0	0	97
Nd_4__4819	2	3	22	28	0	0	0	61
Nd_4__4825	0	3	36	2	6	18	2	582
Nd_4__4828	3	95	31	17	0	803	120	120
Nd_4__4838	523	176	205	9	3	0	12	296
Nd_4__484	0	96	4	3	0	211	40	678
Nd_4__4850	30	131	1397	423	4	629	5	638
Nd_4__4851	0	7	183	16	0	2	9	72
Nd_4__4869	4	30	0	4	0	562	8	1242
Nd_4__4870	7	104	0	0	0	73	0	297
Nd_4__4872	87	59	56	0	0	0	0	27
Nd_4__4874	23	58	12	26	0	65	136	3482
Nd_4__4877	0	0	989	23	0	0	0	63
Nd_4__488	16107	52	473	116	2	362	106	916
Nd_4__4884	3	8	20	4	0	13	5	39
Nd_4__4889	23	2	66	28	0	48	1	49
Nd_4__4903	1	24	110	24	1	15	1	108
Nd_4__491	0	7	0	0	0	0	0	85
Nd_4__4913	105	13	153	67	0	1828	274	685
Nd_4__4918	0	0	24	0	0	48	0	119
Nd_4__4932	5	1	123	14	0	12	0	57
Nd_4__4933	41	17	57	9	0	19	6	34
Nd_4__4941	0	5	2	0	0	1	1	150
Nd_4__4944	342	53	58	2	0	35	13	27
Nd_4__4948	0	31	0	0	0	14	0	78
Nd_4__4966	0	6	0	219	0	45	13	3350
Nd_4__498	0	0	0	2	0	174	0	935
Nd_4__4987	23	112	916	569	12	240	3	750
Nd_4__50	0	2	0	0	0	2	7	88
Nd_4__5004	0	182	6	0	0	8	150	76
Nd_4__5014	9	0	332	57	0	104	0	278
Nd_4__5015	6	10	71	8	0	20	0	48
Nd_4__5016	28	27	266	29	0	8364	16	79
Nd_4__5020	0	6	0	0	0	0	0	56
Nd_4__5031	0	61	135	0	0	441	87	2203
Nd_4__5047	0	0	0	0	0	10	35	60
Nd_4__5061	0	0	0	0	0	0	0	75
Nd_4__5062	0	135	0	0	0	32	11	345
Nd_4__5065	0	26	2	3	0	103	17	38
Nd_4__5067	2	1	0	0	0	141	132	128
Nd_4__5078	0	58	1	0	0	227	77	195
Nd_4__508	0	44	2	164	0	25	0	245
Nd_4__5089	31	11	104	173	1	71	1267	353
Nd_4__5091	0	34	0	1	0	2	1	146
Nd_4__5095	3	18	1	3	0	83	0	530
Nd_4__5101	163	690	36	948	0	22788	16	703
Nd_4__511	61	276	3868	0	0	520	0	2650
Nd_4__5115	15	5	171	78	11	17	20	50
Nd_4__5126	1699	12	2642	1249	71	14	2	200
Nd_4__5127	0	119	4	0	0	230	148	2639
Nd_4__5136	20	0	9	2	0	5	0	36
Nd_4__5147	105	68	105	9	0	153	55	504
Nd_4__515	0	47	0	0	0	47	0	94
Nd_4__5155	10	1863	60	83	2	28	15	483
Nd_4__5162	0	0	0	0	0	13	0	54
Nd_4__5164	0	186	2	0	0	3365	1	140
Nd_4__5165	3	91	4	10	2	1841	78	346
Nd_4__5166	0	9	0	0	0	3940	11	5243
Nd_4__5170	0	343	221	154	0	668	62	2319
Nd_4__5174	0	127	0	0	0	4941	8	127
Nd_4__5180	20468	808	12122	7599	1253	4752	683	2677
Nd_4__5190	0	0	0	0	0	0	0	217
Nd_4__5191	22	3	128	223	8	24	1134	48
Nd_4__5192	12	6	47	11	0	6	2	22
Nd_4__5209	6	0	0	0	0	10	0	1446
Nd_4__5217	0	708	0	0	0	746	40	850
Nd_4__5220	1861	69	4889	1440	167	2949	10	72
Nd_4__5233	67	2	94	57	10	11	2	107
Nd_4__5243	98249	12	4244	48365	0	98	0	263
Nd_4__5251	20	2351	79	61	0	51	37	699
Nd_4__5253	0	4	76	20	0	14	0	64
Nd_4__5263	0	2	119	17	1	18	0	55
Nd_4__5275	6	3	83	12	0	170	66	107
Nd_4__528	0	86	0	0	0	2585	33	7918
Nd_4__5294	287	35	76	72	0	2995	5	2233
Nd_4__5297	148	969	645	52	6	15	4	319
Nd_4__5300	20	89	15	0	0	20	8	227
Nd_4__5304	0	2	6	23	0	60	4	64
Nd_4__5306	0	0	51	0	0	0	0	74
Nd_4__5310	220	45	55	4	0	0	51	860
Nd_4__5314	75	46	409	872	7	45	1242	455
Nd_4__5317	0	0	2	0	0	4	11	68
Nd_4__5319	0	6	10	4	0	91	8	67
Nd_4__5328	0	2	61	2	2	2	0	71
Nd_4__533	0	53	18	0	0	49	0	186
Nd_4__5350	0	56	4	14	5	29	42	184
Nd_4__5352	4	4	89	4	0	24	0	79
Nd_4__5353	31	0	26	205	0	9	0	176
Nd_4__5361	0	4	34	0	0	36	2	73
Nd_4__5365	922	366	214	2630	0	230	4	691
Nd_4__5372	0	0	0	0	0	0	0	51
Nd_4__5381	49	23	40	7	2	35	37	80
Nd_4__5386	6863062	5965	8207450	1492311	124270	1946	117	3239
Nd_4__539	409	15	2	8	31	2	0	13
Nd_4__5390	102	12	30	12	50	38	1	35
Nd_4__5394	16	0	0	0	0	16	85	3997
Nd_4__5399	2	693	1483	26	1	57	37	998
Nd_4__5409	0	4	1	0	0	0	19	55
Nd_4__5412	131	25	16	9	0	87	1	24
Nd_4__5413	1925	281	581	149	25	862	287	4942
Nd_4__5417	0	10	38	0	0	0	0	68
Nd_4__5419	6	3	14	18	0	188	5	144
Nd_4__5431	0	15	1	0	0	73	9	50
Nd_4__5437	49	1280	236	8430	2	58	968	1157
Nd_4__545	0	296	203	1	0	11862	0	99
Nd_4__5452	0	10	0	1	8	227	1	127
Nd_4__5454	127	64	1497	959	46	590	365	8756
Nd_4__5455	47	20	42	13	0	58	5	130
Nd_4__5456	0	0	0	0	0	48	0	22
Nd_4__5469	0	47	21	28	0	229	24	213
Nd_4__5483	0	0	27	42	1	20	124	28
Nd_4__5484	0	7	0	2	0	89	16	36
Nd_4__5485	103	793	618	1912	4	1130	338	489
Nd_4__5486	4402	61	6880	6519	111	56	0	230
Nd_4__5494	2	0	28	0	0	79	0	54
Nd_4__55	13410	13019	6274	22182	12359	2944	10890	10222
Nd_4__5509	47	1	0	1142	0	0	2	665
Nd_4__5511	0	0	0	0	0	5	0	395
Nd_4__5514	0	1739	342	0	0	94	2806	3672
Nd_4__5518	4	11	24	101	3	9	109	47
Nd_4__5519	20	4	21	7	0	88	0	122
Nd_4__5531	64	158	539	388	2	361	59	222
Nd_4__5533	4	161	40	25	4	1162	458	599
Nd_4__5554	0	9	4	0	0	0	146	4168
Nd_4__5560	0	6922	292	0	0	195	186	4518
Nd_4__5565	0	8570	1022	16	2	19689	774	1117651
Nd_4__5573	26	48	2	15	0	102	2	153
Nd_4__5575	26	10	88	25	0	7	69	57
Nd_4__5581	1	10	36	0	1	180	0	80
Nd_4__559	0	6	68	11	0	8	0	41
Nd_4__5593	3	5	0	0	0	77	0	92
Nd_4__5595	92	16	1	0	0	1192	30	2190
Nd_4__5601	9	24	417	217	0	581	7	304
Nd_4__5604	0	0	0	0	0	0	56	78
Nd_4__5626	0	25	34	25	2	64	0	389
Nd_4__563	241	52	29	4	0	1560	63	3991
Nd_4__5630	8	20736	819	5	2	1786191	3380	3862
Nd_4__5631	1	2879	1786	1711	1	2873	39	2347
Nd_4__5632	1980	106	14	207	69	1746	0	100
Nd_4__5636	0	4897	1513	0	0	167013	64	1723094
Nd_4__5637	18725	4181	283508	15725	178	10857	888	771701
Nd_4__5638	3	25	89	0	0	19	28	1444
Nd_4__5641	1824	578	2	4	0	1365	0	1288
Nd_4__5642	0	2	1	0	0	78	0	452
Nd_4__5644	0	612	950	0	0	93	826	189
Nd_4__5646	0	0	0	0	0	17	0	1463
Nd_4__5647	0	18	0	25	0	210	6	5642
Nd_4__5649	38	0	1757	3573	0	0	0	145
Nd_4__5650	49	0	2	1039	0	17	2	559
Nd_4__5653	26366	16684	8285	12826	9	18519	534	6369
Nd_4__574	19	3516	69	22	0	8623	435	1292
Nd_4__58	0	0	0	0	0	5	1	78
Nd_4__585	269	473	960	58	15	235	19	589
Nd_4__596	9	13264	2023	247	0	21084	0	344
Nd_4__600	6	7	224	31	0	4	2	78
Nd_4__607	34	3	34	6	0	186	0	33
Nd_4__613	70	237	10050	91	1	1391	84	3863
Nd_4__620	115	43	57	270	2	481	7	2363
Nd_4__623	3034	283	479	1977	0	2037	331	124
Nd_4__625	0	19	66	0	0	3227	8	629
Nd_4__628	4912	14165	109430	7796	44043	20572	5276	2634712
Nd_4__652	1	1198	68	727	0	1306	763	1039
Nd_4__655	0	111	0	0	0	191	6	174
Nd_4__668	6	5	89	18	0	1504	9	1247
Nd_4__676	10	11	202	16	1	123	3	919
Nd_4__680	0	0	0	0	0	52	11	34
Nd_4__683	0	8	0	0	0	22	0	76
Nd_4__687	2149	312	9054	1856	20	964	21	1687
Nd_4__689	0	55	8	0	0	133	4	1649
Nd_4__690	0	13	0	0	0	293	5492	1201
Nd_4__693	10	3	114	10	1	220	2	105
Nd_4__698	21085	1297	5292	856	73	46311	958	133120
Nd_4__708	27	61	20	3	15	478	4	481
Nd_4__714	3	218	80	110	33	63	2924	4851
Nd_4__731	0	13723	1161	247	0	5663	1203	58177
Nd_4__732	0	2897	516	0	0	4937	0	539
Nd_4__733	1	5	0	0	0	0	4	138
Nd_4__737	464032	88	3058139	247608	3187	99	5	24928
Nd_4__738	0	347	21	3	0	0	0	64
Nd_4__743	1	473	15	19	0	2162	53	241
Nd_4__745	0	99	137	82	7	876	4	367
Nd_4__758	0	0	0	0	0	0	0	81
Nd_4__761	70	5	6	16	449	9	8	17789
Nd_4__784	0	1	4	0	0	0	0	157
Nd_4__812	194	47	22	2	0	1126	75	7194
Nd_4__818	59	53	62	2	0	0	0	40
Nd_4__822	0	0	0	0	0	0	0	812
Nd_4__84	390	200	520	723	19698	8864	0	1332
Nd_4__840	0	0	0	0	0	0	0	86
Nd_4__843	0	10	3	2	0	3	356	79
Nd_4__848	0	3017	0	0	0	17839	3810	72723
Nd_4__86	0	1	340	547	0	0	0	44
Nd_4__87	0	22	4	0	0	0	6	683
Nd_4__884	5862	895	5760	3948	3452	14839	559	3271
Nd_4__894	0	18	11	22	0	206	0	146
Nd_4__896	58538	2362	36666	19562	3787	17443	1297	8328
Nd_4__897	0	24	0	0	0	0	29	8
Nd_4__898	0	5	95	129	2	3	213	91
Nd_4__914	5	6	68	35	14	9	122	50
Nd_4__916	0	0	1	10	0	639	493	1035
Nd_4__923	0	2	46	6	0	25	30	312
Nd_4__929	60	446	28	5368	0	31987	10672	6207
Nd_4__933	0	32	40	14	0	111	2	150
Nd_4__95	20	17	356	136	1	111	0	129
Nd_4__951	9	4	171	76	1	90	20	123
Nd_4__958	411	40	42	336	13	294	2	50
Nd_4__967	0	0	0	0	0	0	0	261
Nd_4__973	17	12	19	16	7	8	0	100
Nd_4__979	15285	791	9489	8995	1965	4655	1885	2120
Nd_4__983	566	277	9564	553	199	4300	175	879
Nd_4__984	0	73	20	0	0	0	152	253
Nd_4__990	15	10	64	17	0	302	1	258
